Player,Nation,Pos,Squad,Age,Born,MP,Starts,Min,90s,Gls,Ast,G+A,G-PK,PK,PKatt,CrdY,CrdR,xG,npxG,xAG,npxG+xAG,PrgC,PrgP,PrgR,League,Season
Lautaro Martínez,ar ARG,FW,Inter,25,1997,33,31,2656,29.5,24,3,27,22,2,3,5,0,17.6,15.3,3.6,18.8,54,80,172,Serie A,2023-2024
Dušan Vlahović,rs SRB,FW,Juventus,23,2000,33,27,2307,25.6,16,4,20,14,2,4,8,1,16.6,13.3,2.3,15.6,36,46,174,Serie A,2023-2024
Victor Osimhen,ng NGA,FW,Napoli,24,1998,25,22,1982,22.0,15,3,18,12,3,5,6,1,15.4,11.4,3.1,14.6,34,23,142,Serie A,2023-2024
Olivier Giroud,fr FRA,FW,Milan,36,1986,35,28,2363,26.3,15,8,23,11,4,5,1,1,14.2,10.2,4.7,14.9,9,28,95,Serie A,2023-2024
Albert Guðmundsson,is ISL,"FW,MF",Genoa,26,1997,35,34,3016,33.5,14,4,18,10,4,5,4,0,9.9,5.8,5.2,11.0,82,120,168,Serie A,2023-2024
Romelu Lukaku,be BEL,FW,Roma,30,1993,32,30,2641,29.3,13,3,16,13,0,1,5,1,9.8,9.0,2.4,11.4,37,37,234,Serie A,2023-2024
Hakan Çalhanoğlu,tr TUR,MF,Inter,29,1994,32,32,2556,28.4,13,3,16,3,10,10,5,0,10.1,2.3,4.7,7.0,45,186,34,Serie A,2023-2024
Paulo Dybala,ar ARG,"FW,MF",Roma,29,1993,28,25,1959,21.8,13,9,22,6,7,7,3,0,10.6,5.1,4.3,9.4,79,122,167,Serie A,2023-2024
Marcus Thuram,fr FRA,FW,Inter,25,1997,35,34,2687,29.9,13,7,20,13,0,0,3,0,14.3,14.3,3.7,18.0,68,47,192,Serie A,2023-2024
Christian Pulisic,us USA,"FW,MF",Milan,24,1998,36,32,2602,28.9,12,8,20,12,0,0,2,0,8.0,8.0,4.8,12.8,131,87,293,Serie A,2023-2024
Gianluca Scamacca,it ITA,FW,Atalanta,24,1999,29,17,1453,16.1,12,6,18,12,0,0,1,0,6.5,6.5,3.9,10.5,22,41,167,Serie A,2023-2024
Teun Koopmeiners,nl NED,MF,Atalanta,25,1998,34,29,2627,29.2,12,5,17,10,2,2,5,0,6.5,5.0,5.9,10.9,79,169,190,Serie A,2023-2024
Nicolás González,ar ARG,FW,Fiorentina,25,1998,29,21,1913,21.3,12,2,14,11,1,3,1,0,10.4,8.0,1.6,9.6,53,100,190,Serie A,2023-2024
Duván Zapata,co COL,FW,Torino,32,1991,35,34,2880,32.0,12,4,16,12,0,0,2,0,10.9,10.9,3.0,13.9,74,52,242,Serie A,2023-2024
Matìas Soulé,ar ARG,"FW,MF",Frosinone,20,2003,36,36,3121,34.7,11,3,14,6,5,6,4,0,10.5,5.7,6.6,12.3,115,198,211,Serie A,2023-2024
Ademola Lookman,ng NGA,"FW,MF",Atalanta,25,1997,31,22,1894,21.0,11,7,18,11,0,0,4,0,9.1,9.1,5.2,14.3,72,97,222,Serie A,2023-2024
Joshua Zirkzee,nl NED,FW,Bologna,22,2001,34,32,2759,30.7,11,4,15,9,2,2,8,0,9.0,7.4,5.2,12.6,53,86,182,Serie A,2023-2024
Khvicha Kvaratskhelia,ge GEO,FW,Napoli,22,2001,34,32,2737,30.4,11,6,17,11,0,0,8,0,11.1,11.1,6.8,17.9,184,89,266,Serie A,2023-2024
Andrea Pinamonti,it ITA,FW,Sassuolo,24,1999,38,37,3076,34.2,11,1,12,9,2,3,4,0,8.9,6.6,1.9,8.4,17,45,165,Serie A,2023-2024
Riccardo Orsolini,it ITA,"FW,MF",Bologna,26,1997,33,19,1792,19.9,10,2,12,8,2,3,2,0,7.4,5.0,4.4,9.4,51,71,175,Serie A,2023-2024
Charles De Ketelaere,be BEL,"FW,MF",Atalanta,22,2001,35,25,2026,22.5,10,8,18,9,1,1,1,0,7.1,6.3,6.1,12.4,88,126,219,Serie A,2023-2024
Federico Chiesa,it ITA,FW,Juventus,25,1997,33,25,2197,24.4,9,2,11,8,1,1,1,0,6.4,5.6,6.2,11.9,111,70,216,Serie A,2023-2024
Rafael Leão,pt POR,FW,Milan,24,1999,34,29,2512,27.9,9,9,18,9,0,0,5,0,10.0,10.0,9.1,19.1,160,117,293,Serie A,2023-2024
Domenico Berardi,it ITA,FW,Sassuolo,28,1994,17,17,1431,15.9,9,3,12,4,5,5,6,0,6.5,2.6,3.0,5.6,38,83,123,Serie A,2023-2024
Matteo Politano,it ITA,FW,Napoli,29,1993,37,31,2360,26.2,8,7,15,6,2,3,2,1,7.1,4.8,6.6,11.4,113,164,216,Serie A,2023-2024
Giacomo Bonaventura,it ITA,MF,Fiorentina,33,1989,31,27,2277,25.3,8,3,11,8,0,1,6,0,5.7,4.4,3.6,8.0,60,140,107,Serie A,2023-2024
Lorenzo Pellegrini,it ITA,MF,Roma,27,1996,29,20,1859,20.7,8,3,11,7,1,1,7,0,4.8,4.0,2.4,6.4,43,94,97,Serie A,2023-2024
Lorenzo Lucca,it ITA,FW,Udinese,22,2000,37,30,2592,28.8,8,4,12,8,0,0,6,0,7.8,7.8,1.6,9.4,10,18,118,Serie A,2023-2024
Andrea Colpani,it ITA,"MF,FW",Monza,24,1999,38,36,2657,29.5,8,4,12,8,0,0,1,0,4.8,4.8,5.0,9.8,90,120,193,Serie A,2023-2024
Nikola Krstović,me MNE,FW,Lecce,23,2000,35,30,2373,26.4,7,1,8,6,1,3,4,1,11.6,9.2,3.0,12.3,32,52,126,Serie A,2023-2024
Mateo Retegui,it ITA,FW,Genoa,24,1999,29,26,2216,24.6,7,2,9,6,1,1,5,0,5.8,5.0,0.7,5.8,18,17,112,Serie A,2023-2024
Ciro Immobile,it ITA,FW,Lazio,33,1990,31,21,1652,18.4,7,1,8,3,4,4,8,0,9.7,6.6,2.1,8.6,19,39,123,Serie A,2023-2024
Walid Cheddira,ma MAR,FW,Frosinone,25,1998,36,24,2120,23.6,7,1,8,6,1,1,0,0,9.0,8.2,1.4,9.6,31,22,139,Serie A,2023-2024
Lucas Beltrán,ar ARG,"FW,MF",Fiorentina,22,2001,32,21,1692,18.8,6,2,8,5,1,1,6,0,3.8,3.0,1.5,4.5,12,49,113,Serie A,2023-2024
Matteo Pessina,it ITA,MF,Monza,26,1997,37,37,3222,35.8,6,3,9,2,4,5,5,1,6.3,2.4,1.1,3.5,69,190,53,Serie A,2023-2024
Lewis Ferguson,sct SCO,MF,Bologna,23,1999,31,31,2712,30.1,6,3,9,6,0,0,8,0,5.4,5.4,2.3,7.7,57,142,138,Serie A,2023-2024
Antonio Candreva,it ITA,"MF,FW",Salernitana,36,1987,34,32,2750,30.6,6,6,12,5,1,1,5,0,4.9,4.1,5.0,9.1,67,149,182,Serie A,2023-2024
Éderson,br BRA,MF,Atalanta,24,1999,36,32,2869,31.9,6,1,7,6,0,0,8,0,3.5,3.5,1.4,4.9,32,214,50,Serie A,2023-2024
Davide Frattesi,it ITA,MF,Inter,23,1999,32,6,955,10.6,6,3,9,6,0,0,1,0,7.1,7.1,1.9,9.0,27,37,40,Serie A,2023-2024
Cyril Ngonge,be BEL,"FW,MF",Hellas Verona,23,2000,19,17,1431,15.9,6,2,8,6,0,0,4,0,4.2,3.4,1.7,5.1,53,44,117,Serie A,2023-2024
M'Baye Niang,sn SEN,FW,Empoli,28,1994,14,5,708,7.9,6,1,7,2,4,4,1,0,5.4,2.3,0.9,3.2,13,11,43,Serie A,2023-2024
Ruben Loftus-Cheek,eng ENG,MF,Milan,27,1996,29,26,2068,23.0,6,1,7,6,0,0,5,0,3.7,3.7,2.4,6.1,73,74,113,Serie A,2023-2024
Luka Jović,rs SRB,FW,Milan,25,1997,23,8,877,9.7,6,1,7,6,0,0,2,1,4.9,4.9,0.8,5.7,6,22,47,Serie A,2023-2024
Mattia Zaccagni,it ITA,"FW,MF",Lazio,28,1995,28,24,1956,21.7,6,1,7,6,0,0,8,0,4.7,4.7,2.9,7.6,88,55,209,Serie A,2023-2024
Kristian Thorstvedt,no NOR,MF,Sassuolo,24,1999,34,30,2397,26.6,6,1,7,6,0,0,7,0,4.4,4.4,1.6,5.9,30,130,94,Serie A,2023-2024
Matías Vecino,uy URU,MF,Lazio,31,1991,31,8,1153,12.8,6,1,7,6,0,0,8,0,3.7,3.7,0.4,4.1,16,74,43,Serie A,2023-2024
Lazar Samardzic,rs SRB,MF,Udinese,21,2002,34,28,2372,26.4,6,2,8,5,1,1,3,0,3.5,2.8,5.5,8.3,65,83,91,Serie A,2023-2024
Mario Pašalić,hr CRO,MF,Atalanta,28,1995,34,23,2051,22.8,6,6,12,4,2,2,3,0,7.1,5.5,4.1,9.6,48,129,74,Serie A,2023-2024
Noah Okafor,ch SUI,"FW,MF",Milan,23,2000,28,6,887,9.9,6,2,8,6,0,0,1,0,3.8,3.8,1.2,5.0,29,15,66,Serie A,2023-2024
Giovanni Fabbian,it ITA,"MF,FW",Bologna,20,2003,27,11,1057,11.7,5,2,7,5,0,0,4,0,4.2,4.2,1.9,6.0,11,17,41,Serie A,2023-2024
Michael Folorunsho,it ITA,"MF,FW",Hellas Verona,25,1998,34,33,2781,30.9,5,1,6,5,0,0,5,0,4.0,3.9,1.4,5.3,56,54,110,Serie A,2023-2024
Tijjani Noslin,nl NED,"FW,MF",Hellas Verona,24,1999,17,17,1339,14.9,5,4,9,5,0,0,2,0,3.6,3.6,2.2,5.8,29,26,94,Serie A,2023-2024
Adrien Rabiot,fr FRA,MF,Juventus,28,1995,31,30,2651,29.5,5,3,8,5,0,0,8,0,3.5,3.4,4.1,7.4,72,120,106,Serie A,2023-2024
Roberto Piccoli,it ITA,FW,Lecce,22,2001,35,12,1378,15.3,5,0,5,4,1,1,5,0,6.4,5.6,0.9,6.5,25,19,72,Serie A,2023-2024
Giacomo Raspadori,it ITA,"FW,MF",Napoli,23,2000,37,14,1584,17.6,5,3,8,5,0,1,0,0,5.9,4.5,4.0,8.5,29,54,139,Serie A,2023-2024
Antonio Sanabria,py PAR,"FW,MF",Torino,27,1996,35,23,2133,23.7,5,0,5,3,2,2,2,0,9.3,7.7,1.4,9.1,19,57,109,Serie A,2023-2024
Florian Thauvin,fr FRA,FW,Udinese,30,1993,29,19,1710,19.0,5,3,8,4,1,1,4,0,4.7,3.9,4.2,8.2,72,69,97,Serie A,2023-2024
Nicolas Viola,it ITA,"MF,FW",Cagliari,33,1989,26,11,1207,13.4,5,2,7,5,0,1,3,0,3.4,2.6,3.9,6.5,22,57,68,Serie A,2023-2024
Milan Đurić,ba BIH,FW,Hellas Verona,33,1990,20,13,1204,13.4,5,1,6,4,1,3,2,0,4.5,2.2,1.2,3.4,3,15,33,Serie A,2023-2024
Theo Hernández,fr FRA,DF,Milan,25,1997,32,31,2791,31.0,5,4,9,4,1,2,11,1,4.9,3.4,4.3,7.7,116,166,124,Serie A,2023-2024
Marko Arnautović,at AUT,FW,Inter,34,1989,27,5,801,8.9,5,3,8,5,0,0,0,0,5.0,5.0,2.6,7.6,12,20,77,Serie A,2023-2024
Federico Dimarco,it ITA,DF,Inter,25,1997,30,29,2077,23.1,5,6,11,5,0,0,0,0,2.9,2.7,8.5,11.1,51,100,198,Serie A,2023-2024
Felipe Anderson,br BRA,"FW,MF",Lazio,30,1993,38,33,2770,30.8,5,6,11,5,0,0,3,0,4.4,4.4,6.3,10.7,108,126,226,Serie A,2023-2024
Lucas Martínez Quarta,ar ARG,DF,Fiorentina,27,1996,29,26,2291,25.5,5,1,6,5,0,0,9,0,2.7,2.7,1.8,4.6,23,177,16,Serie A,2023-2024
Armand Lauriente,fr FRA,FW,Sassuolo,24,1998,37,35,2908,32.3,5,4,9,5,0,0,5,0,5.7,5.7,4.0,9.7,125,99,268,Serie A,2023-2024
Luca Mazzitelli,it ITA,MF,Frosinone,27,1995,29,26,2210,24.6,5,0,5,5,0,0,6,1,2.3,2.3,1.1,3.4,18,167,53,Serie A,2023-2024
Luis Alberto,es ESP,MF,Lazio,30,1992,33,29,2311,25.7,5,7,12,5,0,0,7,0,4.7,4.7,4.7,9.4,83,212,124,Serie A,2023-2024
Boulaye Dia,sn SEN,"FW,MF",Salernitana,26,1996,17,12,1143,12.7,4,0,4,3,1,1,1,0,3.9,3.1,0.5,3.6,18,22,57,Serie A,2023-2024
Houssem Aouar,dz ALG,"MF,FW",Roma,25,1998,16,9,756,8.4,4,0,4,4,0,0,3,0,2.3,2.3,0.5,2.8,17,26,60,Serie A,2023-2024
Valentín Castellanos,ar ARG,FW,Lazio,24,1998,35,16,1682,18.7,4,3,7,4,0,0,2,0,7.3,7.3,1.7,8.9,15,47,132,Serie A,2023-2024
Giulio Maggiore,it ITA,MF,Salernitana,25,1998,27,20,1800,20.0,4,2,6,4,0,0,9,1,2.3,2.3,1.1,3.4,8,64,25,Serie A,2023-2024
Gianluca Mancini,it ITA,DF,Roma,27,1996,36,34,2869,31.9,4,1,5,4,0,0,9,0,1.9,1.9,1.1,3.0,38,139,13,Serie A,2023-2024
Federico Gatti,it ITA,DF,Juventus,25,1998,32,30,2637,29.3,4,0,4,4,0,0,7,0,5.5,5.5,1.5,7.0,52,122,43,Serie A,2023-2024
Lorenzo Colombo,it ITA,FW,Monza,21,2002,25,16,1359,15.1,4,1,5,4,0,0,3,0,3.6,3.6,0.6,4.2,16,24,75,Serie A,2023-2024
Gianluca Gaetano,it ITA,"FW,MF",Cagliari,23,2000,11,10,745,8.3,4,1,5,3,1,1,1,1,1.3,0.5,1.3,1.8,17,41,42,Serie A,2023-2024
Caleb Ekuban,gh GHA,FW,Genoa,29,1994,29,10,1131,12.6,4,1,5,4,0,0,0,0,2.9,2.9,1.4,4.2,14,15,93,Serie A,2023-2024
Denzel Dumfries,nl NED,DF,Inter,27,1996,31,19,1639,18.2,4,4,8,4,0,0,2,1,2.3,2.3,4.9,7.1,50,51,147,Serie A,2023-2024
Leonardo Pavoletti,it ITA,FW,Cagliari,34,1988,19,5,628,7.0,4,1,5,4,0,0,4,0,2.6,2.6,0.3,2.9,1,16,40,Serie A,2023-2024
Alexis Saelemaekers,be BEL,"FW,MF",Bologna,24,1999,30,21,1887,21.0,4,2,6,4,0,0,7,1,2.6,2.6,2.8,5.5,65,77,180,Serie A,2023-2024
Milan Đurić,ba BIH,FW,Monza,33,1990,17,13,1257,14.0,4,1,5,4,0,0,2,0,3.0,3.0,0.7,3.7,2,8,31,Serie A,2023-2024
Fikayo Tomori,eng ENG,DF,Milan,25,1997,26,24,2121,23.6,4,0,4,4,0,0,8,1,3.7,3.7,0.2,3.9,16,63,2,Serie A,2023-2024
Loum Tchaouna,fr FRA,"FW,MF",Salernitana,19,2003,33,23,2100,23.3,4,3,7,4,0,0,4,0,2.6,2.6,1.5,4.1,72,59,151,Serie A,2023-2024
Szymon Żurkowski,pl POL,MF,Empoli,25,1997,13,10,868,9.6,4,0,4,4,0,0,4,0,1.0,1.0,0.1,1.1,17,20,37,Serie A,2023-2024
Marco Brescianini,it ITA,MF,Frosinone,23,2000,36,24,2321,25.8,4,2,6,4,0,0,1,0,2.3,2.3,1.6,3.9,46,70,100,Serie A,2023-2024
Arkadiusz Milik,pl POL,FW,Juventus,29,1994,32,7,919,10.2,4,1,5,4,0,0,2,1,5.1,5.1,2.6,7.7,12,22,49,Serie A,2023-2024
Dany Mota,pt POR,"FW,MF",Monza,25,1998,34,24,2049,22.8,4,3,7,4,0,0,3,0,3.6,3.6,3.0,6.5,112,57,152,Serie A,2023-2024
Roberto Pereyra,ar ARG,"FW,MF",Udinese,32,1991,27,22,1858,20.6,4,3,7,3,1,1,6,0,3.5,2.7,1.9,4.7,39,70,82,Serie A,2023-2024
Matteo Cancellieri,it ITA,"FW,MF",Empoli,21,2002,36,18,1788,19.9,4,3,7,4,0,0,7,0,4.7,4.7,2.9,7.6,48,26,138,Serie A,2023-2024
Zito Luvumbo,ao ANG,"FW,MF",Cagliari,21,2002,30,19,1946,21.6,4,5,9,4,0,0,5,0,4.0,4.0,3.1,7.1,85,21,181,Serie A,2023-2024
Ruslan Malinovskyi,ua UKR,MF,Genoa,30,1993,28,18,1544,17.2,4,1,5,4,0,0,7,0,1.1,1.1,0.6,1.6,24,83,31,Serie A,2023-2024
Daniel Maldini,it ITA,"MF,FW",Monza,21,2001,11,2,333,3.7,4,1,5,4,0,0,0,0,1.3,1.3,1.2,2.4,15,10,22,Serie A,2023-2024
Aleksei Miranchuk,ru RUS,"MF,FW",Atalanta,27,1995,27,12,1176,13.1,3,5,8,3,0,0,1,0,5.4,5.4,4.1,9.5,41,75,122,Serie A,2023-2024
Federico Bonazzoli,it ITA,"FW,MF",Hellas Verona,26,1997,24,10,1016,11.3,3,1,4,3,0,0,2,0,2.9,2.9,1.1,4.0,13,26,73,Serie A,2023-2024
Gleison Bremer,br BRA,DF,Juventus,26,1997,36,36,3233,35.9,3,0,3,3,0,0,9,0,1.4,1.4,0.4,1.9,7,120,4,Serie A,2023-2024
M'Bala Nzola,ao ANG,FW,Fiorentina,26,1996,33,15,1552,17.2,3,3,6,2,1,1,2,0,4.5,3.7,1.6,5.4,21,29,143,Serie A,2023-2024
Simeon Nwankwo,ng NGA,FW,Salernitana,31,1992,15,6,686,7.6,3,0,3,3,0,0,0,0,2.7,2.7,0.6,3.2,6,7,39,Serie A,2023-2024
Remi Oudin,fr FRA,"MF,FW",Lecce,26,1996,31,21,1819,20.2,3,2,5,3,0,0,3,0,1.8,1.8,5.7,7.4,20,79,82,Serie A,2023-2024
Amir Rrahmani,xk KVX,DF,Napoli,29,1994,30,30,2600,28.9,3,0,3,3,0,0,5,0,2.2,2.2,0.9,3.1,19,113,4,Serie A,2023-2024
Leandro Paredes,ar ARG,MF,Roma,29,1994,34,32,2634,29.3,3,5,8,0,3,3,15,1,3.3,1.0,2.3,3.2,36,214,19,Serie A,2023-2024
Nemanja Radonjić,rs SRB,"MF,FW",Torino,27,1996,10,4,374,4.2,3,0,3,3,0,0,1,0,1.7,1.7,0.2,1.9,11,7,24,Serie A,2023-2024
Tijjani Reijnders,nl NED,MF,Milan,25,1998,36,33,2820,31.3,3,3,6,3,0,0,8,0,3.2,3.2,3.7,7.0,88,204,90,Serie A,2023-2024
Francesco Acerbi,it ITA,DF,Inter,35,1988,29,26,2388,26.5,3,1,4,3,0,0,1,0,1.6,1.6,1.8,3.4,21,87,24,Serie A,2023-2024
Tomáš Suslov,sk SVK,"MF,FW",Hellas Verona,21,2002,32,23,2092,23.2,3,5,8,2,1,1,7,0,3.5,2.6,3.6,6.2,46,64,74,Serie A,2023-2024
Stephan El Shaarawy,it ITA,"FW,DF",Roma,30,1992,33,19,1738,19.3,3,4,7,3,0,0,2,0,2.5,2.5,2.3,4.8,46,44,131,Serie A,2023-2024
Eldor Shomurodov,uz UZB,"FW,MF",Cagliari,28,1995,22,10,936,10.4,3,3,6,3,0,0,1,0,3.5,3.5,1.7,5.2,12,18,52,Serie A,2023-2024
Andrea Belotti,it ITA,FW,Fiorentina,29,1993,15,11,949,10.5,3,0,3,3,0,0,0,0,3.7,3.7,0.7,4.4,10,15,60,Serie A,2023-2024
Andrea Belotti,it ITA,FW,Roma,29,1993,14,6,679,7.5,3,2,5,3,0,0,1,0,2.4,2.4,1.2,3.6,15,8,49,Serie A,2023-2024
Sardar Azmoun,ir IRN,"FW,MF",Roma,28,1995,23,3,585,6.5,3,0,3,3,0,0,4,0,2.9,2.9,1.4,4.2,5,14,35,Serie A,2023-2024
Nikola Vlašić,hr CRO,"MF,FW",Torino,25,1997,33,30,2608,29.0,3,2,5,3,0,0,3,0,2.4,2.4,2.9,5.3,67,150,174,Serie A,2023-2024
Francesco Caputo,it ITA,FW,Empoli,35,1987,20,15,1268,14.1,3,0,3,2,1,1,0,0,3.4,2.6,0.7,3.4,7,18,65,Serie A,2023-2024
Jonathan Ikone,fr FRA,FW,Fiorentina,25,1998,28,18,1682,18.7,3,1,4,3,0,0,5,0,4.6,4.6,2.0,6.6,51,58,154,Serie A,2023-2024
Kaio Jorge,br BRA,FW,Frosinone,21,2002,20,8,812,9.0,3,0,3,2,1,2,2,0,5.4,3.8,0.3,4.2,6,11,46,Serie A,2023-2024
Darko Lazović,rs SRB,"FW,MF",Hellas Verona,32,1990,32,22,1928,21.4,3,2,5,2,1,1,0,1,2.8,2.0,4.4,6.4,43,66,139,Serie A,2023-2024
Gianluca Lapadula,pe PER,FW,Cagliari,33,1990,23,14,1205,13.4,3,1,4,2,1,1,3,0,4.8,4.1,1.1,5.1,8,4,63,Serie A,2023-2024
Grigoris Kastanos,cy CYP,"MF,DF",Salernitana,25,1998,26,18,1480,16.4,3,3,6,3,0,0,5,0,2.9,2.9,2.8,5.7,28,78,69,Serie A,2023-2024
Rolando Mandragora,it ITA,MF,Fiorentina,26,1997,33,16,1588,17.6,3,3,6,3,0,0,5,0,3.5,3.5,1.6,5.2,7,93,32,Serie A,2023-2024
Alessandro Buongiorno,it ITA,DF,Torino,24,1999,29,29,2527,28.1,3,0,3,3,0,0,7,0,1.6,1.6,0.1,1.7,14,62,10,Serie A,2023-2024
Ivan Ilić,rs SRB,MF,Torino,22,2001,31,25,2098,23.3,3,2,5,3,0,0,3,0,2.1,2.1,5.0,7.1,49,138,52,Serie A,2023-2024
Gustav Isaksen,dk DEN,FW,Lazio,22,2001,28,12,1074,11.9,3,1,4,3,0,0,3,0,1.6,1.6,2.6,4.2,36,21,95,Serie A,2023-2024
Abdou Harroui,nl NED,"MF,FW",Frosinone,25,1998,18,13,1019,11.3,3,3,6,2,1,1,2,0,3.1,2.3,1.2,3.5,43,38,56,Serie A,2023-2024
Thomas Henry,fr FRA,FW,Hellas Verona,28,1994,18,2,334,3.7,3,0,3,3,0,1,2,2,3.3,2.5,0.0,2.5,2,3,20,Serie A,2023-2024
Piotr Zieliński,pl POL,MF,Napoli,29,1994,28,23,1924,21.4,3,2,5,2,1,1,1,0,2.6,1.8,3.4,5.2,38,131,88,Serie A,2023-2024
Bryan Cristante,it ITA,"MF,DF",Roma,28,1995,37,37,3289,36.5,3,4,7,3,0,0,8,0,4.0,4.0,2.9,6.9,47,234,80,Serie A,2023-2024
Kenan Yıldız,tr TUR,"FW,MF",Juventus,18,2005,27,9,952,10.6,2,0,2,2,0,0,3,0,1.6,1.6,1.1,2.7,32,40,73,Serie A,2023-2024
Oussama El Azzouzi,ma MAR,MF,Bologna,22,2001,18,5,547,6.1,2,2,4,2,0,0,4,0,0.5,0.5,0.6,1.0,4,19,8,Serie A,2023-2024
Yann Aurel Bisseck,de GER,DF,Inter,22,2000,16,9,904,10.0,2,0,2,2,0,0,0,0,0.9,0.9,0.5,1.4,24,30,20,Serie A,2023-2024
Morten Thorsby,no NOR,MF,Genoa,27,1996,24,9,1157,12.9,2,2,4,2,0,0,2,0,1.8,1.8,1.4,3.2,6,28,39,Serie A,2023-2024
Karol Świderski,pl POL,"FW,MF",Hellas Verona,26,1997,15,3,504,5.6,2,0,2,2,0,0,0,0,1.7,1.7,0.4,2.2,3,13,19,Serie A,2023-2024
Ibrahim Sulemana,gh GHA,MF,Cagliari,20,2003,21,16,1339,14.9,2,0,2,2,0,0,4,0,0.8,0.8,0.1,0.9,15,27,14,Serie A,2023-2024
Diego Coppola,it ITA,DF,Hellas Verona,19,2003,24,18,1634,18.2,2,0,2,2,0,0,9,0,1.2,1.2,0.2,1.4,1,40,0,Serie A,2023-2024
Alexis Sánchez,cl CHI,"FW,MF",Inter,34,1988,23,6,763,8.5,2,5,7,1,1,1,0,0,3.2,2.5,3.1,5.6,16,53,58,Serie A,2023-2024
Nicola Sansone,it ITA,"FW,MF",Lecce,31,1991,25,4,767,8.5,2,2,4,2,0,0,4,0,2.8,2.8,1.3,4.1,15,36,75,Serie A,2023-2024
Matteo Darmian,it ITA,DF,Inter,33,1989,33,27,2404,26.7,2,1,3,2,0,0,2,0,1.2,1.2,1.8,3.0,18,72,82,Serie A,2023-2024
Lorenzo De Silvestri,it ITA,DF,Bologna,35,1988,15,7,674,7.5,2,0,2,2,0,0,0,0,0.2,0.2,0.0,0.2,14,27,12,Serie A,2023-2024
Riccardo Sottil,it ITA,FW,Fiorentina,24,1999,22,13,1103,12.3,2,3,5,2,0,0,1,0,2.6,2.6,2.5,5.1,66,33,139,Serie A,2023-2024
Charalambos Lykogiannis,gr GRE,DF,Bologna,29,1993,22,10,904,10.0,2,1,3,2,0,0,2,0,1.3,1.3,1.6,2.9,36,35,41,Serie A,2023-2024
Andrea Cambiaso,it ITA,"DF,FW",Juventus,23,2000,34,28,2372,26.4,2,3,5,2,0,0,10,0,2.2,2.2,3.9,6.0,87,71,172,Serie A,2023-2024
Matheus Henrique,br BRA,MF,Sassuolo,25,1997,31,27,2501,27.8,2,2,4,2,0,0,8,1,2.3,2.3,1.6,3.9,43,94,44,Serie A,2023-2024
Nahitan Nández,uy URU,"MF,DF",Cagliari,27,1995,33,29,2341,26.0,2,3,5,1,1,1,7,0,3.7,2.9,2.5,5.5,57,76,89,Serie A,2023-2024
Morten Frendrup,dk DEN,MF,Genoa,22,2001,37,36,3145,34.9,2,5,7,2,0,0,6,0,1.7,1.7,1.6,3.3,36,105,69,Serie A,2023-2024
Ilario Monterisi,it ITA,DF,Frosinone,21,2001,24,16,1469,16.3,2,2,4,2,0,0,1,0,1.1,1.1,0.4,1.5,4,47,18,Serie A,2023-2024
Luis Muriel,co COL,"FW,MF",Atalanta,32,1991,18,2,409,4.5,2,1,3,2,0,0,0,0,1.5,1.5,1.7,3.3,19,24,57,Serie A,2023-2024
Gaetano Oristanio,it ITA,"FW,MF",Cagliari,20,2002,25,11,1104,12.3,2,1,3,2,0,0,1,0,1.8,1.8,1.1,2.8,25,26,76,Serie A,2023-2024
Jens Odgaard,dk DEN,"FW,MF",Bologna,24,1999,10,5,431,4.8,2,0,2,2,0,0,1,0,1.5,1.5,0.1,1.5,9,9,30,Serie A,2023-2024
Matteo Gabbia,it ITA,DF,Milan,23,1999,18,14,1275,14.2,2,1,3,2,0,0,5,0,1.6,1.6,0.3,1.9,11,42,2,Serie A,2023-2024
Valentin Gendrey,fr FRA,DF,Lecce,23,2000,37,35,3044,33.8,2,3,5,2,0,0,5,0,1.6,1.6,1.6,3.2,77,116,86,Serie A,2023-2024
Cristiano Biraghi,it ITA,DF,Fiorentina,30,1992,29,27,2356,26.2,2,5,7,2,0,1,8,0,1.6,0.8,3.6,4.4,55,129,109,Serie A,2023-2024
El Bilal Touré,ml MLI,FW,Atalanta,21,2001,11,3,394,4.4,2,0,2,2,0,0,2,0,1.2,1.2,0.8,2.0,16,11,39,Serie A,2023-2024
Martín Payero,ar ARG,MF,Udinese,24,1998,29,21,1796,20.0,2,2,4,2,0,0,6,1,1.5,1.5,1.1,2.6,47,71,64,Serie A,2023-2024
Patric,es ESP,DF,Lazio,30,1993,20,19,1608,17.9,2,0,2,2,0,0,4,0,1.4,1.4,0.2,1.5,3,72,12,Serie A,2023-2024
Patrick Dorgu,dk DEN,"DF,MF",Lecce,18,2004,32,17,1564,17.4,2,0,2,2,0,0,6,0,2.0,2.0,1.6,3.6,37,49,86,Serie A,2023-2024
Elif Elmas,mk MKD,"FW,MF",Napoli,23,1999,11,4,339,3.8,2,0,2,2,0,0,2,0,0.5,0.5,0.2,0.7,14,16,26,Serie A,2023-2024
Alberto Dossena,it ITA,DF,Cagliari,24,1998,35,33,2977,33.1,2,4,6,2,0,0,5,0,2.2,2.2,2.1,4.3,9,89,2,Serie A,2023-2024
Radu Drăgușin,ro ROU,DF,Genoa,21,2002,19,19,1710,19.0,2,1,3,2,0,0,1,0,1.0,1.0,0.8,1.9,6,29,13,Serie A,2023-2024
Alfred Duncan,gh GHA,MF,Fiorentina,30,1993,30,24,1888,21.0,2,5,7,2,0,0,2,0,1.5,1.5,2.0,3.5,23,133,47,Serie A,2023-2024
Daniele Rugani,it ITA,DF,Juventus,29,1994,17,13,1187,13.2,2,0,2,2,0,0,2,0,1.6,1.6,0.4,2.0,2,46,2,Serie A,2023-2024
Reinier,br BRA,"MF,FW",Frosinone,21,2002,22,13,1059,11.8,2,2,4,2,0,0,3,0,1.3,1.3,1.9,3.2,10,32,42,Serie A,2023-2024
Luca Ranieri,it ITA,DF,Fiorentina,24,1999,26,23,2065,22.9,2,1,3,2,0,0,14,0,0.9,0.9,0.4,1.3,17,99,5,Serie A,2023-2024
Mattia Bani,it ITA,DF,Genoa,29,1993,27,27,2306,25.6,2,0,2,2,0,0,9,0,1.2,1.2,0.1,1.3,5,37,4,Serie A,2023-2024
Nicolò Barella,it ITA,MF,Inter,26,1997,37,34,2846,31.6,2,3,5,2,0,0,7,0,5.1,5.1,3.4,8.5,68,278,144,Serie A,2023-2024
Antonín Barák,cz CZE,"MF,FW",Fiorentina,28,1994,21,8,808,9.0,2,3,5,2,0,0,2,0,1.5,1.5,2.2,3.8,17,33,64,Serie A,2023-2024
Ismaël Bennacer,dz ALG,MF,Milan,25,1997,20,13,1151,12.8,2,2,4,1,1,1,2,0,1.7,0.9,2.5,3.3,24,68,33,Serie A,2023-2024
Valentin Carboni,ar ARG,"MF,FW",Monza,18,2005,31,10,1169,13.0,2,3,5,2,0,0,2,0,2.3,2.3,1.7,4.0,52,57,75,Serie A,2023-2024
Christian Kouamé,ci CIV,FW,Fiorentina,25,1997,23,11,1089,12.1,2,1,3,2,0,0,0,0,1.9,1.9,1.8,3.7,12,41,110,Serie A,2023-2024
Daichi Kamada,jp JPN,MF,Lazio,26,1996,29,17,1544,17.2,2,2,4,2,0,0,3,0,1.8,1.8,2.8,4.6,40,96,78,Serie A,2023-2024
Nedim Bajrami,al ALB,"MF,FW",Sassuolo,24,1999,28,15,1310,14.6,2,2,4,2,0,0,0,0,2.5,2.5,2.2,4.7,51,49,70,Serie A,2023-2024
Lameck Banda,zm ZAM,FW,Lecce,22,2001,21,17,1350,15.0,2,4,6,2,0,0,5,1,3.6,3.6,1.9,5.5,71,22,136,Serie A,2023-2024
Tommaso Baldanzi,it ITA,"MF,FW",Empoli,20,2003,14,8,745,8.3,2,0,2,2,0,0,1,0,2.1,2.1,1.0,3.1,20,30,40,Serie A,2023-2024
Riccardo Calafiori,it ITA,DF,Bologna,21,2002,30,26,2349,26.1,2,5,7,2,0,0,4,0,1.4,1.4,1.2,2.6,28,96,23,Serie A,2023-2024
Pol Lirola,es ESP,DF,Frosinone,25,1997,25,18,1536,17.1,2,1,3,2,0,0,1,0,1.3,1.3,1.1,2.4,30,65,59,Serie A,2023-2024
Davide Zappacosta,it ITA,DF,Atalanta,31,1992,31,23,1867,20.7,2,1,3,2,0,0,5,0,2.2,2.2,1.4,3.7,67,78,132,Serie A,2023-2024
Oier Zarraga,es ESP,MF,Udinese,24,1999,15,4,404,4.5,2,0,2,2,0,0,0,0,0.6,0.6,0.0,0.6,5,8,10,Serie A,2023-2024
Vitinha,pt POR,"FW,MF",Genoa,23,2000,9,2,285,3.2,2,0,2,2,0,0,2,0,1.1,1.1,0.1,1.3,10,4,21,Serie A,2023-2024
Pontus Almqvist,se SWE,"FW,MF",Lecce,24,1999,30,25,2107,23.4,2,1,3,2,0,0,5,0,2.3,2.3,2.7,5.0,72,32,137,Serie A,2023-2024
Walace,br BRA,MF,Udinese,28,1995,37,37,3238,36.0,2,0,2,2,0,0,7,0,0.8,0.8,1.1,1.9,37,127,22,Serie A,2023-2024
Mattéo Guendouzi,fr FRA,MF,Lazio,24,1999,33,27,2367,26.3,2,3,5,2,0,0,3,1,1.6,1.6,2.3,3.9,46,119,79,Serie A,2023-2024
Yerry Mina,co COL,DF,Cagliari,28,1994,14,14,1215,13.5,2,0,2,1,1,1,4,0,1.3,0.5,0.0,0.5,4,23,3,Serie A,2023-2024
Henrikh Mkhitaryan,am ARM,MF,Inter,34,1989,36,35,2785,30.9,2,8,10,2,0,0,4,0,3.6,3.6,4.5,8.1,92,192,127,Serie A,2023-2024
Arthur Melo,br BRA,MF,Fiorentina,26,1996,33,23,1986,22.1,2,3,5,1,1,1,2,0,1.0,0.3,1.7,2.0,21,133,27,Serie A,2023-2024
Dean Huijsen,es ESP,DF,Roma,18,2005,13,4,509,5.7,2,0,2,2,0,0,4,0,0.4,0.4,0.1,0.5,4,18,15,Serie A,2023-2024
Tommaso Augello,it ITA,DF,Cagliari,28,1994,32,28,2418,26.9,1,1,2,1,0,0,5,0,0.5,0.5,2.0,2.5,62,96,99,Serie A,2023-2024
Samuele Vignato,it ITA,"MF,FW",Monza,19,2004,10,3,343,3.8,1,0,1,1,0,0,2,0,1.7,1.7,0.2,1.8,13,13,20,Serie A,2023-2024
Mattia Viti,it ITA,DF,Sassuolo,21,2002,15,12,979,10.9,1,0,1,1,0,0,0,0,1.0,1.0,0.0,1.0,2,36,13,Serie A,2023-2024
Nadir Zortea,it ITA,DF,Atalanta,24,1999,5,0,149,1.7,1,0,1,1,0,0,1,0,0.1,0.1,0.3,0.4,7,10,22,Serie A,2023-2024
Nadir Zortea,it ITA,DF,Frosinone,24,1999,14,14,1258,14.0,1,5,6,1,0,0,3,0,0.4,0.4,2.8,3.3,31,42,71,Serie A,2023-2024
Shon Weissman,il ISR,"FW,DF",Salernitana,27,1996,11,5,494,5.5,1,0,1,1,0,0,0,0,1.0,1.0,0.1,1.1,0,4,22,Serie A,2023-2024
Yacine Adli,fr FRA,MF,Milan,23,2000,24,17,1407,15.6,1,2,3,1,0,0,3,0,0.3,0.3,2.2,2.5,30,125,26,Serie A,2023-2024
Tammy Abraham,eng ENG,FW,Roma,25,1997,8,2,242,2.7,1,0,1,1,0,0,1,0,0.6,0.6,0.1,0.7,6,4,15,Serie A,2023-2024
Milan Badelj,hr CRO,MF,Genoa,34,1989,33,32,2535,28.2,1,3,4,1,0,0,6,0,1.4,1.4,1.1,2.5,18,151,36,Serie A,2023-2024
Chaka Traorè,ci CIV,FW,Milan,18,2004,2,0,20,0.2,1,0,1,1,0,0,0,0,0.1,0.1,0.0,0.1,2,0,2,Serie A,2023-2024
Johan Vásquez,mx MEX,DF,Genoa,24,1998,37,32,2850,31.7,1,1,2,1,0,0,6,0,1.9,1.9,0.8,2.7,29,81,61,Serie A,2023-2024
Gabriel Strefezza,br BRA,FW,Lecce,26,1997,19,13,1112,12.4,1,0,1,0,1,1,4,0,2.5,1.7,1.2,2.8,34,54,81,Serie A,2023-2024
Leonardo Spinazzola,it ITA,DF,Roma,30,1993,24,15,1312,14.6,1,2,3,1,0,0,0,0,0.2,0.2,3.0,3.2,108,52,74,Serie A,2023-2024
Alessandro Deiola,it ITA,MF,Cagliari,27,1995,27,19,1608,17.9,1,0,1,1,0,0,7,0,2.5,2.5,0.9,3.4,9,64,21,Serie A,2023-2024
Renato Sanches,pt POR,MF,Roma,25,1997,7,1,146,1.6,1,0,1,1,0,0,2,0,0.1,0.1,0.2,0.3,5,10,5,Serie A,2023-2024
Alex Sandro,br BRA,DF,Juventus,32,1991,16,8,721,8.0,1,0,1,1,0,0,1,0,0.4,0.4,0.9,1.3,16,43,9,Serie A,2023-2024
Giorgio Scalvini,it ITA,DF,Atalanta,19,2003,33,31,2544,28.3,1,3,4,1,0,0,3,0,1.4,1.4,1.1,2.5,30,116,33,Serie A,2023-2024
Zanos Savva,cy CYP,"DF,MF",Torino,17,2005,2,0,28,0.3,1,0,1,1,0,0,0,0,0.2,0.2,0.0,0.2,0,1,1,Serie A,2023-2024
Perr Schuurs,nl NED,DF,Torino,23,1999,9,9,770,8.6,1,0,1,1,0,0,2,0,0.7,0.7,0.0,0.7,9,19,4,Serie A,2023-2024
Giovanni Simeone,ar ARG,FW,Napoli,28,1995,28,8,800,8.9,1,0,1,1,0,0,3,0,3.4,3.4,0.6,3.9,11,13,76,Serie A,2023-2024
Leo Skiri Østigård,no NOR,DF,Napoli,23,1999,25,18,1625,18.1,1,0,1,1,0,0,3,0,0.6,0.6,0.1,0.7,13,76,3,Serie A,2023-2024
Jan-Carlo Simic,rs SRB,DF,Milan,18,2005,4,0,146,1.6,1,0,1,1,0,0,0,0,0.6,0.6,0.0,0.6,0,6,0,Serie A,2023-2024
Keinan Davis,eng ENG,"FW,MF",Udinese,25,1998,8,0,186,2.1,1,0,1,1,0,0,2,0,0.5,0.5,0.1,0.6,2,6,15,Serie A,2023-2024
Grégoire Defrel,mq MTQ,"FW,MF",Sassuolo,32,1991,20,7,757,8.4,1,2,3,1,0,0,0,0,1.0,1.0,1.2,2.2,7,17,42,Serie A,2023-2024
Marvin Cuni,al ALB,FW,Frosinone,22,2001,22,6,534,5.9,1,0,1,1,0,0,0,0,1.3,1.3,0.3,1.6,6,11,45,Serie A,2023-2024
Danilo,br BRA,DF,Juventus,32,1991,29,27,2452,27.2,1,1,2,1,0,0,7,0,1.3,1.3,0.9,2.2,18,161,21,Serie A,2023-2024
Isaac Success,ng NGA,"FW,MF",Udinese,27,1996,27,9,880,9.8,1,1,2,1,0,1,4,0,2.7,1.9,1.1,3.0,15,17,51,Serie A,2023-2024
Hamza Rafia,tn TUN,MF,Lecce,24,1999,28,17,1204,13.4,1,0,1,1,0,0,4,0,0.8,0.8,0.8,1.6,15,46,37,Serie A,2023-2024
Matteo Prati,it ITA,MF,Cagliari,19,2003,26,19,1972,21.9,1,1,2,1,0,0,4,0,2.0,2.0,0.8,2.8,8,66,17,Serie A,2023-2024
Ylber Ramadani,al ALB,MF,Lecce,27,1996,34,34,2970,33.0,1,0,1,1,0,0,13,0,1.0,1.0,0.5,1.6,36,121,14,Serie A,2023-2024
Jacopo Fazzini,it ITA,MF,Empoli,20,2003,31,14,1232,13.7,1,1,2,1,0,0,6,0,1.2,1.2,2.3,3.5,24,47,51,Serie A,2023-2024
Davide Biraschi,it ITA,DF,Genoa,29,1994,1,1,90,1.0,1,0,1,1,0,0,0,0,0.1,0.1,0.0,0.1,0,5,4,Serie A,2023-2024
Niccolò Pierozzi,it ITA,DF,Salernitana,21,2001,12,11,871,9.7,1,0,1,1,0,0,6,0,0.2,0.2,0.0,0.3,3,16,20,Serie A,2023-2024
Lorenzo Pirola,it ITA,DF,Salernitana,21,2002,27,24,1987,22.1,1,0,1,1,0,0,4,0,0.9,0.9,0.0,0.9,13,57,7,Serie A,2023-2024
Stefan Posch,at AUT,DF,Bologna,26,1997,31,29,2409,26.8,1,2,3,1,0,0,7,0,1.2,1.2,2.1,3.3,44,123,64,Serie A,2023-2024
Uroš Račić,rs SRB,MF,Sassuolo,25,1998,22,8,820,9.1,1,1,2,1,0,0,1,0,0.8,0.8,0.3,1.1,5,37,11,Serie A,2023-2024
Martin Erlic,hr CRO,DF,Sassuolo,25,1998,32,31,2618,29.1,1,0,1,1,0,0,5,0,1.0,1.0,0.0,1.0,19,78,11,Serie A,2023-2024
Ondrej Duda,sk SVK,MF,Hellas Verona,28,1994,32,29,2456,27.3,1,4,5,1,0,1,14,2,2.2,1.4,3.3,4.7,34,117,47,Serie A,2023-2024
Ricardo Rodríguez,ch SUI,DF,Torino,30,1992,35,34,2772,30.8,1,2,3,1,0,0,4,0,0.3,0.3,1.4,1.7,61,127,40,Serie A,2023-2024
Samuele Ricci,it ITA,MF,Torino,21,2001,32,28,2395,26.6,1,2,3,1,0,0,8,1,1.3,1.3,2.3,3.6,47,122,73,Serie A,2023-2024
Junior Sambia,fr FRA,"DF,MF",Salernitana,26,1996,18,10,1032,11.5,1,2,3,1,0,0,4,0,0.5,0.5,0.9,1.4,23,41,37,Serie A,2023-2024
Simone Romagnoli,it ITA,DF,Frosinone,33,1990,33,30,2715,30.2,1,1,2,1,0,0,6,0,1.2,1.2,0.4,1.6,2,47,2,Serie A,2023-2024
Giovanni Di Lorenzo,it ITA,DF,Napoli,29,1993,36,36,3234,35.9,1,6,7,1,0,0,6,0,3.1,3.1,4.9,8.0,95,304,250,Serie A,2023-2024
Federico Di Francesco,it ITA,"FW,MF",Lecce,29,1994,2,0,15,0.2,1,0,1,1,0,0,0,0,0.1,0.1,0.0,0.1,1,1,3,Serie A,2023-2024
Simone Bastoni,it ITA,"MF,DF",Empoli,26,1996,16,9,745,8.3,1,0,1,1,0,0,3,0,0.4,0.4,0.5,0.9,12,31,26,Serie A,2023-2024
Raoul Bellanova,it ITA,DF,Torino,23,2000,37,36,3046,33.8,1,7,8,1,0,0,5,0,2.0,2.0,5.0,7.1,141,98,202,Serie A,2023-2024
Daniel Boloca,ro ROU,MF,Sassuolo,24,1998,30,23,2022,22.5,1,0,1,1,0,0,6,1,0.5,0.5,0.4,0.9,27,109,17,Serie A,2023-2024
Warren Bondo,fr FRA,MF,Monza,19,2003,25,14,1475,16.4,1,1,2,1,0,0,9,0,0.9,0.9,0.3,1.2,31,43,13,Serie A,2023-2024
Josip Brekalo,hr CRO,FW,Fiorentina,25,1998,11,8,652,7.2,1,0,1,1,0,0,0,0,0.4,0.4,0.3,0.7,14,25,69,Serie A,2023-2024
Nikola Moro,hr CRO,MF,Bologna,25,1998,23,10,840,9.3,1,0,1,1,0,0,0,0,0.7,0.7,0.4,1.1,21,58,38,Serie A,2023-2024
Kingstone Mutandwa,zm ZAM,"FW,MF",Cagliari,20,2003,5,0,39,0.4,1,0,1,1,0,0,0,0,0.1,0.1,0.0,0.1,1,0,2,Serie A,2023-2024
Roberto Gagliardini,it ITA,"MF,DF",Monza,29,1994,33,29,2360,26.2,1,2,3,1,0,0,5,0,2.9,2.9,1.7,4.6,38,120,36,Serie A,2023-2024
Remo Freuler,ch SUI,MF,Bologna,31,1992,32,30,2624,29.2,1,1,2,1,0,0,9,0,1.2,1.2,1.1,2.3,37,165,48,Serie A,2023-2024
Alessandro Florenzi,it ITA,DF,Milan,32,1991,31,19,1732,19.2,1,4,5,1,0,0,5,0,1.7,1.7,3.4,5.1,29,106,50,Serie A,2023-2024
Dan Ndoye,ch SUI,"FW,MF",Bologna,22,2000,32,20,1771,19.7,1,1,2,1,0,0,4,0,4.9,4.9,1.8,6.6,88,36,173,Serie A,2023-2024
Gianluca Gaetano,it ITA,MF,Napoli,23,2000,9,1,161,1.8,1,0,1,1,0,0,1,0,0.6,0.6,0.5,1.1,6,6,5,Serie A,2023-2024
Sam Beukema,nl NED,DF,Bologna,24,1998,30,29,2547,28.3,1,1,2,1,0,0,6,1,1.9,1.9,0.8,2.7,14,76,5,Serie A,2023-2024
Alberto Cerri,it ITA,FW,Empoli,27,1996,12,10,545,6.1,1,0,1,1,0,0,2,0,1.2,1.2,0.2,1.4,3,9,23,Serie A,2023-2024
Pietro Pellegri,it ITA,FW,Torino,22,2001,24,7,756,8.4,1,1,2,1,0,0,3,0,1.0,1.0,0.3,1.4,14,8,52,Serie A,2023-2024
Pedro,es ESP,"FW,MF",Lazio,36,1987,33,5,816,9.1,1,1,2,1,0,0,4,0,1.5,1.5,2.1,3.6,31,33,81,Serie A,2023-2024
Mathías Olivera,uy URU,DF,Napoli,25,1997,23,18,1569,17.4,1,1,2,1,0,0,3,0,0.5,0.5,0.9,1.4,31,89,93,Serie A,2023-2024
Cyril Ngonge,be BEL,FW,Napoli,23,2000,13,1,315,3.5,1,0,1,1,0,0,2,0,1.0,1.0,0.8,1.8,18,11,43,Serie A,2023-2024
Federico Fazio,ar ARG,DF,Salernitana,36,1987,17,15,1355,15.1,1,0,1,1,0,0,3,1,0.4,0.4,0.1,0.5,2,27,2,Serie A,2023-2024
Samuel Chukwueze,ng NGA,FW,Milan,24,1999,24,12,1017,11.3,1,3,4,1,0,0,1,0,1.7,1.7,2.3,3.9,52,51,135,Serie A,2023-2024
Andrea Petagna,it ITA,FW,Cagliari,28,1995,18,13,995,11.1,1,1,2,1,0,0,2,0,1.6,1.6,1.0,2.6,11,14,56,Serie A,2023-2024
Luca Pellegrini,it ITA,DF,Lazio,24,1999,19,8,786,8.7,1,0,1,1,0,0,7,1,0.2,0.2,0.3,0.5,18,46,30,Serie A,2023-2024
Alessandro Bastoni,it ITA,DF,Inter,24,1999,28,28,2268,25.2,1,3,4,1,0,0,5,0,1.2,1.2,3.4,4.6,63,142,77,Serie A,2023-2024
Sandi Lovrić,si SVN,MF,Udinese,25,1998,29,21,1987,22.1,1,3,4,1,0,0,1,1,3.5,3.5,3.3,6.8,52,80,80,Serie A,2023-2024
Agustín Martegani,ar ARG,MF,Salernitana,23,2000,18,6,731,8.1,1,0,1,1,0,0,1,0,0.6,0.6,0.5,1.1,14,28,22,Serie A,2023-2024
Mirko Marić,hr CRO,FW,Monza,28,1995,10,1,287,3.2,1,0,1,1,0,0,0,1,0.9,0.9,0.5,1.3,2,4,30,Serie A,2023-2024
Gian Marco Ferrari,it ITA,DF,Sassuolo,31,1992,31,25,2272,25.2,1,0,1,1,0,0,4,0,1.6,1.6,0.3,1.9,32,148,7,Serie A,2023-2024
Antoine Makoumbou,cg CGO,MF,Cagliari,25,1998,32,32,2702,30.0,1,0,1,1,0,0,5,2,0.7,0.7,0.9,1.6,37,137,52,Serie A,2023-2024
Joan Gonzàlez,es ESP,MF,Lecce,21,2002,29,13,1291,14.3,1,1,2,1,0,0,6,0,1.2,1.2,1.0,2.2,25,49,41,Serie A,2023-2024
Adam Marušić,me MNE,DF,Lazio,30,1992,37,37,3100,34.4,1,0,1,1,0,0,3,1,0.4,0.4,0.8,1.2,35,118,108,Serie A,2023-2024
Junior Messias,br BRA,"MF,DF",Genoa,32,1991,18,13,1053,11.7,1,0,1,1,0,0,0,0,1.6,1.6,1.3,2.9,35,29,75,Serie A,2023-2024
Lautaro Gianetti,ar ARG,DF,Udinese,29,1993,7,7,630,7.0,1,0,1,1,0,0,4,0,0.4,0.4,0.1,0.4,2,4,0,Serie A,2023-2024
Emmanuel Gyasi,gh GHA,"DF,FW",Empoli,29,1994,33,21,1879,20.9,1,2,3,1,0,0,8,0,3.5,3.5,1.5,5.0,15,41,60,Serie A,2023-2024
Fabio Miretti,it ITA,MF,Juventus,19,2003,25,16,1103,12.3,1,1,2,1,0,0,3,0,1.2,1.2,1.1,2.3,22,43,62,Serie A,2023-2024
Chukwubuikem Ikwuemesi,ng NGA,FW,Salernitana,21,2001,25,11,1061,11.8,1,1,2,1,0,0,2,0,2.4,2.4,0.7,3.1,11,10,70,Serie A,2023-2024
Samuel Iling-Junior,eng ENG,"DF,MF",Juventus,19,2003,24,4,810,9.0,1,2,3,1,0,0,1,0,0.7,0.7,1.3,2.0,29,25,64,Serie A,2023-2024
Diego Llorente,es ESP,DF,Roma,29,1993,29,27,2170,24.1,1,1,2,1,0,0,5,0,0.3,0.3,0.6,0.9,20,75,5,Serie A,2023-2024
Manuel Locatelli,it ITA,MF,Juventus,25,1998,36,34,3008,33.4,1,4,5,1,0,0,6,0,1.3,1.3,1.4,2.7,21,232,26,Serie A,2023-2024
Jovane Cabral,cv CPV,"MF,FW",Salernitana,25,1998,12,8,678,7.5,1,0,1,1,0,0,1,0,1.2,1.2,0.4,1.6,22,40,39,Serie A,2023-2024
Tajon Buchanan,ca CAN,DF,Inter,24,1999,10,0,161,1.8,1,0,1,1,0,0,0,0,0.2,0.2,0.3,0.5,12,4,22,Serie A,2023-2024
Davide Calabria,it ITA,DF,Milan,26,1996,29,26,2185,24.3,1,3,4,1,0,0,5,2,1.3,1.3,1.2,2.5,31,140,66,Serie A,2023-2024
Luca Caldirola,it ITA,DF,Monza,32,1991,29,23,2141,23.8,1,1,2,1,0,0,7,1,0.5,0.5,0.6,1.1,10,56,9,Serie A,2023-2024
Emil Holm,se SWE,DF,Atalanta,23,2000,22,12,947,10.5,1,1,2,1,0,0,5,0,2.7,2.7,0.8,3.6,28,27,80,Serie A,2023-2024
Nicolò Cambiaghi,it ITA,"FW,MF",Empoli,22,2000,37,29,2553,28.4,1,1,2,1,0,0,3,0,3.9,3.9,2.8,6.7,128,63,197,Serie A,2023-2024
Sebastiano Luperto,it ITA,DF,Empoli,26,1996,38,38,3406,37.8,1,1,2,1,0,0,4,0,1.7,1.7,1.0,2.7,13,100,13,Serie A,2023-2024
Arijon Ibrahimović,de GER,"FW,DF",Frosinone,17,2005,16,5,474,5.3,1,1,2,1,0,0,1,0,0.8,0.8,0.7,1.5,10,22,54,Serie A,2023-2024
Santiago Castro,ar ARG,FW,Bologna,18,2004,8,2,242,2.7,1,1,2,1,0,0,1,0,1.0,1.0,0.5,1.5,1,1,15,Serie A,2023-2024
Andrea Carboni,it ITA,DF,Monza,22,2001,21,16,1487,16.5,1,0,1,1,0,0,1,0,1.2,1.2,0.5,1.7,13,46,22,Serie A,2023-2024
Gaetano Castrovilli,it ITA,"FW,MF",Fiorentina,26,1997,6,5,367,4.1,1,2,3,1,0,0,0,0,0.3,0.3,0.6,0.9,14,12,25,Serie A,2023-2024
Danilo Cataldi,it ITA,MF,Lazio,28,1994,28,15,1361,15.1,1,0,1,1,0,0,8,0,0.4,0.4,0.8,1.1,9,69,7,Serie A,2023-2024
Jakub Jankto,cz CZE,"MF,FW",Cagliari,27,1996,18,13,872,9.7,1,2,3,1,0,0,0,0,1.5,1.5,0.5,1.9,12,26,48,Serie A,2023-2024
Juan Jesus,br BRA,DF,Napoli,32,1991,24,23,2116,23.5,1,0,1,1,0,0,7,0,1.3,1.3,0.3,1.6,6,82,2,Serie A,2023-2024
Christian Kabasele,be BEL,DF,Udinese,32,1991,13,10,861,9.6,1,1,2,1,0,0,5,0,1.2,1.2,0.5,1.6,7,22,1,Serie A,2023-2024
Hassane Kamara,ci CIV,DF,Udinese,29,1994,35,27,2225,24.7,1,1,2,1,0,0,4,0,1.9,1.9,2.8,4.8,61,81,94,Serie A,2023-2024
Sead Kolašinac,ba BIH,DF,Atalanta,30,1993,30,25,2178,24.2,1,0,1,1,0,0,4,0,1.3,1.3,1.1,2.4,32,94,30,Serie A,2023-2024
Michael Kayode,it ITA,DF,Fiorentina,19,2004,26,22,2058,22.9,1,1,2,1,0,0,2,0,0.5,0.5,1.1,1.6,45,80,102,Serie A,2023-2024
Rasmus Kristensen,dk DEN,DF,Roma,26,1997,29,19,1744,19.4,1,1,2,1,0,0,5,0,0.5,0.5,0.9,1.5,16,40,115,Serie A,2023-2024
Viktor Kovalenko,ua UKR,MF,Empoli,27,1996,17,4,613,6.8,1,1,2,1,0,0,1,0,0.9,0.9,0.8,1.7,4,20,24,Serie A,2023-2024
Mitchel Bakker,nl NED,DF,Atalanta,23,2000,14,3,382,4.2,1,0,1,1,0,0,1,0,0.2,0.2,0.1,0.3,12,10,20,Serie A,2023-2024
Cristian Volpato,it ITA,"MF,FW",Sassuolo,19,2003,22,5,645,7.2,1,0,1,1,0,0,1,0,0.5,0.5,1.4,1.9,34,53,49,Serie A,2023-2024
Stefan de Vrij,nl NED,DF,Inter,31,1992,25,17,1586,17.6,1,0,1,1,0,0,0,0,0.6,0.6,0.3,0.9,6,43,2,Serie A,2023-2024
Jordan Zemura,zw ZIM,DF,Udinese,23,1999,27,10,1038,11.5,1,0,1,1,0,0,1,0,0.8,0.8,0.4,1.2,23,32,52,Serie A,2023-2024
Jaime Báez,uy URU,"FW,MF",Frosinone,28,1995,11,6,500,5.6,1,0,1,1,0,0,1,0,0.5,0.5,0.5,1.0,12,29,39,Serie A,2023-2024
Gabriele Zappa,it ITA,DF,Cagliari,23,1999,38,25,2561,28.5,1,3,4,1,0,0,2,0,1.5,1.5,3.3,4.8,35,99,84,Serie A,2023-2024
Duván Zapata,co COL,FW,Atalanta,32,1991,2,2,112,1.2,1,0,1,1,0,0,0,0,0.4,0.4,0.1,0.5,3,3,13,Serie A,2023-2024
Kristjan Asllani,al ALB,MF,Inter,21,2002,23,6,787,8.7,1,2,3,1,0,0,1,0,0.6,0.6,1.1,1.6,5,32,8,Serie A,2023-2024
Mateusz Łęgowski,pl POL,MF,Salernitana,20,2003,29,10,1145,12.7,0,0,0,0,0,0,3,0,0.2,0.2,0.2,0.5,16,37,17,Serie A,2023-2024
David Akpan Ankeye,ng NGA,FW,Genoa,21,2002,6,0,57,0.6,0,0,0,0,0,0,0,0,0.0,0.0,0.0,0.0,3,1,2,Serie A,2023-2024
Carlos Alcaraz,ar ARG,MF,Juventus,20,2002,10,3,380,4.2,0,1,1,0,0,0,0,0,0.4,0.4,0.1,0.5,6,27,9,Serie A,2023-2024
Lorenzo Amatucci,it ITA,MF,Fiorentina,19,2004,2,0,22,0.2,0,0,0,0,0,0,0,0,0.0,0.0,0.0,0.0,1,2,1,Serie A,2023-2024
Bruno Amione,ar ARG,DF,Hellas Verona,21,2002,10,7,579,6.4,0,0,0,0,0,0,2,0,0.3,0.3,0.0,0.3,2,17,2,Serie A,2023-2024
Angeliño,es ESP,DF,Roma,26,1997,16,14,1141,12.7,0,1,1,0,0,0,2,0,0.2,0.2,1.6,1.7,12,40,55,Serie A,2023-2024
Lorenzo Venuti,it ITA,DF,Lecce,28,1995,14,3,364,4.0,0,0,0,0,0,0,1,0,0.1,0.1,0.3,0.4,7,16,15,Serie A,2023-2024
Emanuele Valeri,it ITA,DF,Frosinone,24,1998,16,14,1178,13.1,0,1,1,0,0,0,3,0,0.9,0.9,2.4,3.3,38,41,61,Serie A,2023-2024
Mamadou Coulibaly,sn SEN,DF,Salernitana,24,1999,1,0,3,0.0,0,0,0,0,0,0,0,0,0.0,0.0,0.0,0.0,0,0,0,Serie A,2023-2024
Lassana Coulibaly,ml MLI,MF,Salernitana,27,1996,28,25,2082,23.1,0,1,1,0,0,0,5,0,0.6,0.6,0.8,1.4,29,88,38,Serie A,2023-2024
Benoît Costil,fr FRA,GK,Salernitana,36,1987,13,13,1170,13.0,0,0,0,0,0,0,0,0,0.0,0.0,0.0,0.0,0,0,0,Serie A,2023-2024
João Costa,br BRA,"MF,FW",Roma,18,2005,3,0,14,0.2,0,0,0,0,0,0,1,0,0.0,0.0,0.0,0.0,0,1,1,Serie A,2023-2024
Giacomo Corona,it ITA,FW,Empoli,19,2004,1,0,5,0.1,0,0,0,0,0,0,0,0,0.0,0.0,0.0,0.0,0,0,0,Serie A,2023-2024
Jeppe Corfitzen,dk DEN,FW,Lecce,18,2004,1,0,9,0.1,0,0,0,0,0,0,0,0,0.0,0.0,0.0,0.0,1,0,0,Serie A,2023-2024
Tommaso Corazza,it ITA,DF,Bologna,19,2004,9,1,195,2.2,0,0,0,0,0,0,1,0,0.1,0.1,0.1,0.2,10,14,9,Serie A,2023-2024
Nikita Contini Baranovsky,it ITA,GK,Napoli,27,1996,1,0,17,0.2,0,0,0,0,0,0,0,0,0.0,0.0,0.0,0.0,0,0,0,Serie A,2023-2024
Andrea Consigli,it ITA,GK,Sassuolo,36,1987,35,35,3150,35.0,0,0,0,0,0,0,1,0,0.0,0.0,0.0,0.0,0,1,0,Serie A,2023-2024
Pietro Comuzzo,it ITA,"DF,FW",Fiorentina,18,2005,4,0,43,0.5,0,0,0,0,0,0,1,0,0.0,0.0,0.0,0.0,0,3,0,Serie A,2023-2024
David Zima,cz CZE,DF,Torino,22,2000,5,0,91,1.0,0,0,0,0,0,0,0,0,0.0,0.0,0.0,0.0,1,1,0,Serie A,2023-2024
Kevin Zeroli,it ITA,MF,Milan,18,2005,3,0,28,0.3,0,0,0,0,0,0,0,0,0.0,0.0,0.0,0.0,0,1,2,Serie A,2023-2024
Alessio Zerbin,it ITA,"FW,DF",Napoli,24,1999,7,1,150,1.7,0,0,0,0,0,0,0,0,0.2,0.2,0.6,0.9,6,3,18,Serie A,2023-2024
Kacper Urbanski,pl POL,"MF,FW",Bologna,18,2004,22,9,926,10.3,0,1,1,0,0,0,2,0,1.1,1.1,0.8,1.9,25,31,78,Serie A,2023-2024
Manuel Lazzari,it ITA,DF,Lazio,29,1993,24,19,1671,18.6,0,2,2,0,0,0,4,1,1.0,1.0,1.3,2.3,73,62,104,Serie A,2023-2024
Valentino Lazaro,at AUT,"DF,MF",Torino,27,1996,35,21,1994,22.2,0,4,4,0,0,0,3,0,1.7,1.7,2.9,4.7,53,94,106,Serie A,2023-2024
Giorgos Kyriakopoulos,gr GRE,DF,Monza,27,1996,28,20,1712,19.0,0,3,3,0,0,0,3,0,1.2,1.2,1.4,2.6,64,70,94,Serie A,2023-2024
Giorgi Kvernadze,ge GEO,"FW,DF",Frosinone,20,2003,5,0,63,0.7,0,0,0,0,0,0,0,0,0.0,0.0,0.0,0.0,0,1,6,Serie A,2023-2024
Berkan Kutlu,tr TUR,MF,Genoa,25,1998,6,0,199,2.2,0,0,0,0,0,0,0,0,0.2,0.2,0.3,0.4,4,5,9,Serie A,2023-2024
Justin Kumi,it ITA,FW,Sassuolo,19,2004,1,0,4,0.0,0,0,0,0,0,0,0,0,0.0,0.0,0.0,0.0,0,0,0,Serie A,2023-2024
Marash Kumbulla,al ALB,DF,Sassuolo,23,2000,7,3,362,4.0,0,0,0,0,0,0,1,0,0.0,0.0,0.0,0.0,2,3,0,Serie A,2023-2024
Rade Krunić,ba BIH,MF,Milan,29,1993,10,8,687,7.6,0,0,0,0,0,0,3,0,0.1,0.1,0.5,0.6,5,24,3,Serie A,2023-2024
Thomas Kristensen,dk DEN,DF,Udinese,21,2002,26,23,2096,23.3,0,1,1,0,0,0,4,1,1.1,1.1,0.4,1.5,20,47,3,Serie A,2023-2024
Filip Kostić,rs SRB,DF,Juventus,30,1992,29,26,1815,20.2,0,4,4,0,0,0,2,0,0.7,0.7,5.4,6.1,64,88,95,Serie A,2023-2024
Davy Klaassen,nl NED,MF,Inter,30,1993,13,1,206,2.3,0,0,0,0,0,0,1,0,0.1,0.1,0.2,0.3,1,7,5,Serie A,2023-2024
Simon Kjær,dk DEN,DF,Milan,34,1989,20,14,1171,13.0,0,1,1,0,0,0,1,0,0.5,0.5,0.8,1.3,4,52,0,Serie A,2023-2024
Moise Kean,it ITA,FW,Juventus,23,2000,19,8,654,7.3,0,0,0,0,0,0,2,0,2.1,2.1,0.7,2.8,12,6,38,Serie A,2023-2024
Rick Karsdorp,nl NED,DF,Roma,28,1995,18,14,1191,13.2,0,2,2,0,0,0,2,0,0.4,0.4,2.2,2.7,12,33,71,Serie A,2023-2024
Jesper Karlsson,se SWE,FW,Bologna,25,1998,7,4,344,3.8,0,0,0,0,0,0,0,0,0.4,0.4,0.3,0.7,13,16,35,Serie A,2023-2024
Yann Karamoh,fr FRA,"MF,FW",Torino,25,1998,10,1,162,1.8,0,0,0,0,0,0,0,0,0.1,0.1,0.1,0.2,11,5,12,Serie A,2023-2024
Dylan Bronn,tn TUN,"DF,MF",Salernitana,28,1995,4,0,52,0.6,0,0,0,0,0,0,0,0,0.0,0.0,0.0,0.0,1,1,0,Serie A,2023-2024
Maxime Lopez,fr FRA,MF,Fiorentina,25,1997,19,7,800,8.9,0,0,0,0,0,0,1,0,0.2,0.2,0.6,0.8,14,48,11,Serie A,2023-2024
Stanislav Lobotka,sk SVK,MF,Napoli,28,1994,38,38,3282,36.5,0,1,1,0,0,0,4,0,0.6,0.6,1.3,1.9,29,188,34,Serie A,2023-2024
Marcin Listkowski,pl POL,FW,Lecce,25,1998,1,0,8,0.1,0,0,0,0,0,0,0,0,0.0,0.0,0.0,0.0,0,1,0,Serie A,2023-2024
Luca Lipani,it ITA,MF,Sassuolo,18,2005,8,5,384,4.3,0,0,0,0,0,0,0,0,0.1,0.1,0.2,0.3,6,20,3,Serie A,2023-2024
Karol Linetty,pl POL,MF,Torino,28,1995,28,19,1858,20.6,0,0,0,0,0,0,12,0,0.5,0.5,0.8,1.4,31,87,25,Serie A,2023-2024
Jesper Lindstrøm,dk DEN,"FW,MF",Napoli,23,2000,22,2,430,4.8,0,0,0,0,0,0,2,0,0.7,0.7,1.0,1.7,16,16,34,Serie A,2023-2024
Nicola Leali,it ITA,GK,Genoa,30,1993,3,2,176,2.0,0,0,0,0,0,0,1,0,0.0,0.0,0.0,0.0,0,0,0,Serie A,2023-2024
Armando Izzo,it ITA,DF,Monza,31,1992,23,20,1650,18.3,0,0,0,0,0,0,9,0,0.7,0.7,0.5,1.1,15,59,7,Serie A,2023-2024
Ardian Ismajli,al ALB,DF,Empoli,26,1996,26,23,2045,22.7,0,0,0,0,0,0,2,0,0.3,0.3,0.1,0.4,9,49,3,Serie A,2023-2024
Gino Infantino,ar ARG,MF,Fiorentina,20,2003,6,0,96,1.1,0,0,0,0,0,0,1,0,0.0,0.0,0.0,0.1,0,7,4,Serie A,2023-2024
Emil Ceide,no NOR,"FW,MF",Sassuolo,21,2001,11,0,176,2.0,0,0,0,0,0,0,0,0,0.1,0.1,0.2,0.3,12,3,16,Serie A,2023-2024
Samu Castillejo,es ESP,"FW,MF",Sassuolo,28,1995,17,6,536,6.0,0,0,0,0,0,0,2,0,0.3,0.3,1.0,1.2,27,26,45,Serie A,2023-2024
Giuseppe Caso,it ITA,"FW,MF",Frosinone,24,1998,14,2,417,4.6,0,0,0,0,0,0,2,0,0.3,0.3,0.2,0.4,15,20,37,Serie A,2023-2024
Nicolò Casale,it ITA,DF,Lazio,25,1998,20,16,1559,17.3,0,0,0,0,0,0,5,0,0.9,0.9,0.0,0.9,20,49,4,Serie A,2023-2024
Marco Carnesecchi,it ITA,GK,Atalanta,23,2000,27,27,2425,26.9,0,0,0,0,0,0,0,0,0.0,0.0,0.0,0.0,0,0,0,Serie A,2023-2024
Liam Henderson,sct SCO,MF,Empoli,27,1996,1,0,5,0.1,0,0,0,0,0,0,0,0,0.0,0.0,0.0,0.0,0,0,0,Serie A,2023-2024
Silvan Hefti,ch SUI,"MF,DF",Genoa,25,1997,6,1,114,1.3,0,0,0,0,0,0,0,0,0.0,0.0,0.0,0.0,1,2,4,Serie A,2023-2024
Pantelis Hatzidiakos,gr GRE,DF,Cagliari,26,1997,13,13,856,9.5,0,0,0,0,0,0,1,0,0.4,0.4,0.0,0.4,3,34,7,Serie A,2023-2024
Hans Hateboer,nl NED,DF,Atalanta,29,1994,23,10,1113,12.4,0,1,1,0,0,0,5,0,0.3,0.3,2.0,2.4,19,42,71,Serie A,2023-2024
Mateus Lusuardi,br BRA,DF,Frosinone,19,2004,4,3,219,2.4,0,0,0,0,0,0,1,0,0.1,0.1,0.0,0.1,2,12,0,Serie A,2023-2024
Karlo Lulić,hr CRO,MF,Frosinone,27,1996,1,0,19,0.2,0,0,0,0,0,0,0,0,0.0,0.0,0.0,0.0,1,0,0,Serie A,2023-2024
José Luis Palomino,ar ARG,DF,Atalanta,33,1990,4,0,27,0.3,0,0,0,0,0,0,0,0,0.0,0.0,0.0,0.0,0,2,0,Serie A,2023-2024
Jhon Lucumí,co COL,DF,Bologna,25,1998,29,23,2217,24.6,0,0,0,0,0,0,1,0,0.8,0.8,0.3,1.1,28,93,4,Serie A,2023-2024
Matteo Lovato,it ITA,DF,Salernitana,23,2000,13,11,947,10.5,0,0,0,0,0,0,2,0,0.0,0.0,0.2,0.2,1,29,1,Serie A,2023-2024
Matteo Lovato,it ITA,DF,Torino,23,2000,13,6,544,6.0,0,0,0,0,0,0,2,0,0.0,0.0,0.0,0.0,0,4,0,Serie A,2023-2024
Maxime Lopez,fr FRA,MF,Sassuolo,25,1997,2,2,140,1.6,0,0,0,0,0,0,0,1,0.0,0.0,0.2,0.2,2,18,4,Serie A,2023-2024
Francesco Camarda,it ITA,FW,Milan,15,2008,2,0,14,0.2,0,0,0,0,0,0,0,0,0.0,0.0,0.0,0.0,0,0,1,Serie A,2023-2024
Mattia Caldara,it ITA,DF,Milan,29,1994,1,0,33,0.4,0,0,0,0,0,0,0,0,0.2,0.2,0.0,0.2,0,2,0,Serie A,2023-2024
Jens Cajuste,se SWE,MF,Napoli,23,1999,26,11,1016,11.3,0,2,2,0,0,0,7,0,1.5,1.5,1.1,2.5,19,37,53,Serie A,2023-2024
Liberato Cacace,nz NZL,DF,Empoli,22,2000,31,18,1912,21.2,0,1,1,0,0,0,6,0,0.4,0.4,1.7,2.1,34,84,55,Serie A,2023-2024
Rareș-Cătălin Burnete,ro ROU,FW,Lecce,19,2004,1,0,8,0.1,0,1,1,0,0,0,0,0,0.0,0.0,0.1,0.1,0,0,2,Serie A,2023-2024
Kostas Manolas,gr GRE,DF,Salernitana,32,1991,8,6,488,5.4,0,0,0,0,0,0,0,0,0.1,0.1,0.1,0.2,0,10,2,Serie A,2023-2024
Christos Mandas,gr GRE,GK,Lazio,21,2001,9,8,721,8.0,0,0,0,0,0,0,0,0,0.0,0.0,0.0,0.0,0,0,0,Serie A,2023-2024
Marco Mancosu,it ITA,"MF,FW",Cagliari,34,1988,6,3,156,1.7,0,0,0,0,0,1,0,0,1.2,0.5,0.2,0.7,4,8,11,Serie A,2023-2024
Youssef Maleh,ma MAR,MF,Empoli,24,1998,34,30,2602,28.9,0,1,1,0,0,0,11,0,1.6,1.6,2.4,4.0,17,117,65,Serie A,2023-2024
Daniel Maldini,it ITA,"FW,MF",Empoli,21,2001,7,3,263,2.9,0,0,0,0,0,0,1,0,0.3,0.3,0.0,0.3,7,10,10,Serie A,2023-2024
Mike Maignan,fr FRA,GK,Milan,28,1995,29,29,2609,29.0,0,1,1,0,0,0,1,1,0.0,0.0,0.3,0.3,0,0,0,Serie A,2023-2024
Giangiacomo Magnani,it ITA,DF,Hellas Verona,27,1995,33,27,2444,27.2,0,0,0,0,0,0,6,0,0.5,0.5,0.2,0.8,15,79,10,Serie A,2023-2024
Elia Caprile,it ITA,GK,Empoli,21,2001,23,23,2070,23.0,0,0,0,0,0,0,0,0,0.0,0.0,0.3,0.3,0,0,0,Serie A,2023-2024
Gianluca Caprari,it ITA,"MF,FW",Monza,30,1993,6,4,285,3.2,0,0,0,0,0,0,0,0,0.7,0.7,0.7,1.4,11,15,16,Serie A,2023-2024
Luigi Canotto,it ITA,FW,Frosinone,29,1994,1,0,16,0.2,0,0,0,0,0,0,0,0,0.0,0.0,0.0,0.0,0,0,1,Serie A,2023-2024
Elseid Hysaj,al ALB,DF,Lazio,29,1994,22,11,1199,13.3,0,0,0,0,0,0,2,0,0.2,0.2,0.4,0.7,27,51,41,Serie A,2023-2024
Dean Huijsen,es ESP,DF,Juventus,18,2005,1,0,13,0.1,0,0,0,0,0,0,0,0,0.0,0.0,0.0,0.0,0,2,0,Serie A,2023-2024
Sydney van Hooijdonk,nl NED,FW,Bologna,23,2000,9,2,212,2.4,0,0,0,0,0,0,0,0,0.6,0.6,0.1,0.7,1,2,9,Serie A,2023-2024
Martin Hongla,cm CMR,MF,Hellas Verona,25,1998,15,12,1084,12.0,0,0,0,0,0,0,0,0,0.1,0.1,0.3,0.4,6,57,6,Serie A,2023-2024
Isak Hien,se SWE,DF,Atalanta,24,1999,16,9,937,10.4,0,1,1,0,0,0,3,0,0.2,0.2,0.1,0.3,0,24,0,Serie A,2023-2024
Isak Hien,se SWE,DF,Hellas Verona,24,1999,10,9,864,9.6,0,0,0,0,0,0,1,1,0.4,0.4,0.0,0.4,8,26,1,Serie A,2023-2024
Nikola Milenković,rs SRB,DF,Fiorentina,25,1997,34,27,2510,27.9,0,0,0,0,0,0,4,0,0.4,0.4,0.7,1.1,8,81,10,Serie A,2023-2024
Alex Meret,it ITA,GK,Napoli,26,1997,31,31,2773,30.8,0,0,0,0,0,0,0,0,0.0,0.0,0.1,0.1,0,0,0,Serie A,2023-2024
Leonardo Mendicino,it ITA,MF,Atalanta,17,2006,1,0,1,0.0,0,0,0,0,0,0,0,0,0.0,0.0,0.0,0.0,0,0,0,Serie A,2023-2024
Weston McKennie,us USA,"MF,DF",Juventus,24,1998,34,29,2594,28.8,0,7,7,0,0,0,6,0,3.0,3.0,3.9,6.9,64,92,176,Serie A,2023-2024
Jordi Mboula,es ESP,"FW,MF",Hellas Verona,24,1999,11,5,307,3.4,0,1,1,0,0,0,0,0,0.2,0.2,0.4,0.6,10,4,22,Serie A,2023-2024
Pasquale Mazzocchi,it ITA,DF,Napoli,28,1995,10,4,428,4.8,0,1,1,0,0,0,0,1,0.2,0.2,0.2,0.4,13,24,22,Serie A,2023-2024
Pasquale Mazzocchi,it ITA,DF,Salernitana,28,1995,18,16,1272,14.1,0,1,1,0,0,0,4,0,0.3,0.3,1.3,1.6,36,36,62,Serie A,2023-2024
Alan Matturro,uy URU,DF,Genoa,18,2004,6,1,106,1.2,0,0,0,0,0,0,0,0,0.1,0.1,0.0,0.1,0,4,1,Serie A,2023-2024
Adam Masina,ma MAR,DF,Torino,29,1994,16,10,1024,11.4,0,0,0,0,0,0,0,0,0.2,0.2,0.2,0.4,3,42,6,Serie A,2023-2024
Adam Masina,ma MAR,DF,Udinese,29,1994,4,1,64,0.7,0,0,0,0,0,0,2,0,0.1,0.1,0.0,0.1,0,1,3,Serie A,2023-2024
Josep Martinez,es ESP,GK,Genoa,25,1998,36,36,3239,36.0,0,0,0,0,0,0,4,1,0.0,0.0,0.0,0.0,0,2,0,Serie A,2023-2024
Tommaso Martinelli,it ITA,GK,Fiorentina,17,2006,1,1,90,1.0,0,0,0,0,0,0,0,0,0.0,0.0,0.0,0.0,0,0,0,Serie A,2023-2024
Aarón Martín,es ESP,DF,Genoa,26,1997,22,17,1376,15.3,0,1,1,0,0,0,4,1,0.2,0.2,1.7,1.9,28,35,72,Serie A,2023-2024
Răzvan Marin,ro ROU,MF,Empoli,27,1996,30,20,1818,20.2,0,3,3,0,0,0,3,0,1.1,1.1,3.0,4.1,21,72,24,Serie A,2023-2024
Pablo Marí,es ESP,DF,Monza,29,1993,34,30,2615,29.1,0,0,0,0,0,0,7,0,0.4,0.4,0.3,0.7,2,62,1,Serie A,2023-2024
Riccardo Marchizza,it ITA,DF,Frosinone,25,1998,13,13,1148,12.8,0,4,4,0,0,0,1,0,0.4,0.4,0.8,1.2,6,36,39,Serie A,2023-2024
Antonio Mirante,it ITA,GK,Milan,40,1983,2,2,177,2.0,0,0,0,0,0,0,0,0,0.0,0.0,0.0,0.0,0,0,0,Serie A,2023-2024
Kevin Miranda,it ITA,DF,Sassuolo,20,2003,1,0,14,0.2,0,0,0,0,0,0,0,0,0.0,0.0,0.0,0.0,0,0,0,Serie A,2023-2024
Yerry Mina,co COL,"DF,MF",Fiorentina,28,1994,4,0,44,0.5,0,0,0,0,0,0,1,0,0.1,0.1,0.0,0.1,0,2,1,Serie A,2023-2024
Ridgeciano Haps,sr SUR,DF,Genoa,30,1993,16,7,773,8.6,0,1,1,0,0,0,0,0,0.1,0.1,0.7,0.8,13,13,42,Serie A,2023-2024
Nicolas Haas,ch SUI,MF,Empoli,27,1996,1,1,90,1.0,0,0,0,0,0,0,1,0,0.1,0.1,0.0,0.1,0,6,4,Serie A,2023-2024
Norbert Gyömbér,sk SVK,DF,Salernitana,31,1992,22,20,1760,19.6,0,0,0,0,0,0,9,0,0.2,0.2,0.2,0.3,4,42,2,Serie A,2023-2024
Axel Guessand,fr FRA,DF,Udinese,18,2004,1,0,45,0.5,0,0,0,0,0,0,0,0,0.0,0.0,0.0,0.0,1,1,1,Serie A,2023-2024
Alberto Grassi,it ITA,MF,Empoli,28,1995,27,22,1807,20.1,0,1,1,0,0,0,6,1,1.1,1.1,0.6,1.7,13,75,13,Serie A,2023-2024
Iron Gomis,fr FRA,MF,Salernitana,23,1999,5,1,134,1.5,0,0,0,0,0,0,0,0,0.6,0.6,0.2,0.7,3,4,16,Serie A,2023-2024
Papu Gómez,ar ARG,"MF,FW",Monza,35,1988,2,0,41,0.5,0,0,0,0,0,0,0,0,0.0,0.0,0.2,0.2,2,3,1,Serie A,2023-2024
Pierluigi Gollini,it ITA,GK,Napoli,28,1995,7,7,630,7.0,0,0,0,0,0,0,0,0,0.0,0.0,0.0,0.0,0,0,0,Serie A,2023-2024
Edoardo Goldaniga,it ITA,DF,Cagliari,29,1993,13,12,1011,11.2,0,0,0,0,0,0,3,0,0.5,0.5,0.1,0.7,9,50,3,Serie A,2023-2024
Gvidas Gineitis,lt LTU,MF,Torino,19,2004,14,4,538,6.0,0,0,0,0,0,0,2,0,0.4,0.4,0.5,0.9,9,25,12,Serie A,2023-2024
Mario Gila,es ESP,DF,Lazio,22,2000,21,21,1809,20.1,0,0,0,0,0,0,4,1,0.5,0.5,0.5,1.0,21,93,12,Serie A,2023-2024
Farés Ghedjemis,fr FRA,"FW,MF",Frosinone,20,2002,6,1,182,2.0,0,0,0,0,0,0,1,0,0.1,0.1,0.1,0.3,7,2,19,Serie A,2023-2024
Vanja Milinković-Savić,rs SRB,GK,Torino,26,1997,36,36,3240,36.0,0,0,0,0,0,0,2,0,0.0,0.0,0.0,0.0,0,0,0,Serie A,2023-2024
Obite N'Dicka,ci CIV,DF,Roma,23,1999,25,25,2168,24.1,0,3,3,0,0,0,6,0,1.0,1.0,1.0,2.0,26,87,11,Serie A,2023-2024
Juan Musso,ar ARG,GK,Atalanta,29,1994,11,11,990,11.0,0,0,0,0,0,0,0,0,0.0,0.0,0.0,0.0,0,0,0,Serie A,2023-2024
Yunus Musah,us USA,"MF,FW",Milan,20,2002,30,13,1478,16.4,0,2,2,0,0,0,5,0,0.6,0.6,1.2,1.8,48,64,77,Serie A,2023-2024
Samuele Mulattieri,it ITA,"FW,MF",Sassuolo,22,2000,27,1,462,5.1,0,0,0,0,0,0,1,0,1.6,1.6,0.3,1.9,8,1,38,Serie A,2023-2024
Brenner,br BRA,"MF,FW",Udinese,23,2000,8,2,189,2.1,0,0,0,0,0,0,0,0,0.4,0.4,0.0,0.4,6,8,10,Serie A,2023-2024
Domagoj Bradarić,hr CRO,DF,Salernitana,23,1999,34,30,2749,30.5,0,3,3,0,0,0,5,0,0.8,0.8,1.8,2.6,57,76,120,Serie A,2023-2024
Edoardo Bove,it ITA,MF,Roma,21,2002,31,18,1780,19.8,0,2,2,0,0,0,2,0,2.0,2.0,0.7,2.7,21,88,47,Serie A,2023-2024
Mehdi Bourabia,ma MAR,MF,Frosinone,31,1991,10,3,200,2.2,0,0,0,0,0,0,1,0,0.1,0.1,0.0,0.1,1,7,8,Serie A,2023-2024
Erik Botheim,no NOR,"FW,MF",Salernitana,23,2000,7,4,316,3.5,0,0,0,0,0,0,1,0,0.1,0.1,0.0,0.1,3,5,9,Serie A,2023-2024
Gennaro Borrelli,it ITA,FW,Frosinone,23,2000,1,0,24,0.3,0,0,0,0,0,0,0,0,0.0,0.0,0.0,0.0,1,0,1,Serie A,2023-2024
Kevin Bonifazi,it ITA,DF,Frosinone,27,1996,6,3,309,3.4,0,0,0,0,0,0,0,0,0.0,0.0,0.1,0.1,2,7,1,Serie A,2023-2024
Kevin Bonifazi,it ITA,DF,Bologna,27,1996,1,1,90,1.0,0,0,0,0,0,0,0,0,0.0,0.0,0.0,0.0,0,1,1,Serie A,2023-2024
Giovanni Bonfanti,it ITA,DF,Atalanta,20,2003,2,1,89,1.0,0,0,0,0,0,0,0,0,0.1,0.1,0.0,0.1,0,1,2,Serie A,2023-2024
Lorenzo Montipò,it ITA,GK,Hellas Verona,27,1996,37,37,3330,37.0,0,1,1,0,0,0,0,0,0.0,0.0,0.0,0.0,0,0,0,Serie A,2023-2024
Stefan Mitrović,rs SRB,"FW,MF",Hellas Verona,20,2002,10,4,391,4.3,0,0,0,0,0,0,0,0,0.4,0.4,0.1,0.5,13,15,24,Serie A,2023-2024
Filippo Missori,it ITA,DF,Sassuolo,19,2004,8,2,266,3.0,0,0,0,0,0,0,0,0,0.3,0.3,0.0,0.3,5,8,7,Serie A,2023-2024
Pedro Obiang,gq EQG,MF,Sassuolo,31,1992,8,5,453,5.0,0,0,0,0,0,0,1,0,0.0,0.0,0.7,0.7,4,21,2,Serie A,2023-2024
Adam Obert,sk SVK,DF,Cagliari,20,2002,17,10,941,10.5,0,0,0,0,0,0,1,0,0.1,0.1,0.9,1.1,14,37,5,Serie A,2023-2024
Joseph Nonge,be BEL,MF,Juventus,18,2005,2,0,24,0.3,0,0,0,0,0,0,1,0,0.0,0.0,0.0,0.0,1,2,2,Serie A,2023-2024
Hans Nicolussi Caviglia,it ITA,MF,Juventus,23,2000,8,3,268,3.0,0,1,1,0,0,0,1,0,0.1,0.1,0.6,0.7,0,14,2,Serie A,2023-2024
Michel Ndary Adopo,fr FRA,MF,Atalanta,23,2000,10,0,109,1.2,0,1,1,0,0,0,0,0,0.1,0.1,0.1,0.1,3,9,16,Serie A,2023-2024
Luca Gemello,it ITA,GK,Torino,23,2000,2,2,180,2.0,0,0,0,0,0,0,0,0,0.0,0.0,0.0,0.0,0,0,0,Serie A,2023-2024
Francesco Gelli,it ITA,"MF,DF",Frosinone,26,1996,27,16,1561,17.3,0,0,0,0,0,0,3,0,0.7,0.7,2.4,3.1,42,61,87,Serie A,2023-2024
Luca Garritano,it ITA,"MF,DF",Frosinone,29,1994,12,5,485,5.4,0,0,0,0,0,0,1,0,0.7,0.7,0.3,1.0,6,23,23,Serie A,2023-2024
Antonino Gallo,it ITA,DF,Lecce,23,2000,35,30,2490,27.7,0,3,3,0,0,0,2,0,0.5,0.5,4.5,5.0,69,125,101,Serie A,2023-2024
Pablo Galdames Millán,cl CHI,"MF,DF",Genoa,26,1996,2,0,11,0.1,0,0,0,0,0,0,0,0,0.0,0.0,0.0,0.0,0,5,1,Serie A,2023-2024
Gerardo Fusco,it ITA,FW,Salernitana,18,2005,1,0,15,0.2,0,0,0,0,0,0,0,0,0.0,0.0,0.0,0.0,0,0,1,Serie A,2023-2024
Vincenzo Fiorillo,it ITA,GK,Salernitana,33,1990,4,4,360,4.0,0,0,0,0,0,0,1,1,0.0,0.0,0.0,0.0,0,0,0,Serie A,2023-2024
Seydou Fini,it ITA,"DF,FW",Genoa,17,2006,3,0,35,0.4,0,0,0,0,0,0,0,0,0.1,0.1,0.0,0.1,1,0,2,Serie A,2023-2024
João Ferreira,pt POR,DF,Udinese,22,2001,35,18,1822,20.2,0,1,1,0,0,0,9,0,0.1,0.1,0.9,1.0,19,61,45,Serie A,2023-2024
Lapo Nava,it ITA,GK,Milan,19,2004,1,0,3,0.0,0,0,0,0,0,0,0,0,0.0,0.0,0.0,0.0,0,0,0,Serie A,2023-2024
Natan,br BRA,DF,Napoli,22,2001,14,11,952,10.6,0,0,0,0,0,0,3,1,0.4,0.4,0.1,0.5,15,34,11,Serie A,2023-2024
Pepín,gq EQG,"MF,FW",Monza,26,1996,10,2,241,2.7,0,0,0,0,0,0,2,0,0.2,0.2,0.1,0.2,1,13,12,Serie A,2023-2024
Marco Pellegrino,ar ARG,DF,Milan,21,2002,1,0,68,0.8,0,0,0,0,0,0,0,0,0.0,0.0,0.0,0.0,1,3,0,Serie A,2023-2024
Marco Pellegrino,ar ARG,DF,Salernitana,21,2002,10,5,545,6.1,0,0,0,0,0,0,1,0,0.0,0.0,0.0,0.1,0,7,1,Serie A,2023-2024
Marcus Pedersen,no NOR,DF,Sassuolo,23,2000,28,16,1613,17.9,0,2,2,0,0,0,4,0,0.1,0.1,1.1,1.2,43,31,90,Serie A,2023-2024
Benjamin Pavard,fr FRA,DF,Inter,27,1996,23,21,1672,18.6,0,2,2,0,0,0,6,0,0.7,0.7,1.4,2.1,25,89,47,Serie A,2023-2024
Rui Patrício,pt POR,GK,Roma,35,1988,23,23,2070,23.0,0,0,0,0,0,0,1,0,0.0,0.0,0.0,0.0,0,0,0,Serie A,2023-2024
Triantafyllos Pasaridīs,gr GRE,DF,Salernitana,27,1996,8,5,452,5.0,0,0,0,0,0,0,3,0,0.0,0.0,0.0,0.0,1,17,0,Serie A,2023-2024
Fabiano Parisi,it ITA,DF,Fiorentina,22,2000,21,16,1454,16.2,0,1,1,0,0,0,4,0,0.9,0.9,2.4,3.3,50,78,64,Serie A,2023-2024
Christos Papadopoulos,gr GRE,FW,Genoa,18,2004,1,0,4,0.0,0,0,0,0,0,0,0,0,0.0,0.0,0.0,0.0,0,0,0,Serie A,2023-2024
Riccardo Pagano,it ITA,"MF,DF",Roma,18,2004,4,0,51,0.6,0,0,0,0,0,0,0,0,0.1,0.1,0.0,0.1,1,3,2,Serie A,2023-2024
Simone Pafundi,it ITA,MF,Udinese,17,2006,1,0,8,0.1,0,0,0,0,0,0,0,0,0.0,0.0,0.0,0.0,0,1,1,Serie A,2023-2024
Anthony Oyono,ga GAB,DF,Frosinone,22,2001,16,14,1198,13.3,0,1,1,0,0,0,4,0,0.1,0.1,0.9,1.0,35,33,39,Serie A,2023-2024
Maduka Okoye,ng NGA,GK,Udinese,23,1999,21,21,1890,21.0,0,0,0,0,0,0,2,0,0.0,0.0,0.0,0.0,0,0,0,Serie A,2023-2024
Caleb Okoli,it ITA,DF,Frosinone,22,2001,34,32,2914,32.4,0,1,1,0,0,0,9,0,0.6,0.6,0.8,1.4,22,118,4,Serie A,2023-2024
David Okereke,ng NGA,"FW,MF",Torino,25,1997,9,3,252,2.8,0,0,0,0,0,0,0,0,0.2,0.2,0.1,0.4,8,7,23,Serie A,2023-2024
Guillermo Ochoa,mx MEX,GK,Salernitana,38,1985,21,21,1890,21.0,0,0,0,0,0,0,0,0,0.0,0.0,0.0,0.0,0,0,0,Serie A,2023-2024
Oliver Christensen,dk DEN,GK,Fiorentina,24,1999,4,4,360,4.0,0,0,0,0,0,0,0,0,0.0,0.0,0.0,0.0,0,0,0,Serie A,2023-2024
Charlys,br BRA,MF,Hellas Verona,19,2004,2,0,25,0.3,0,0,0,0,0,0,0,0,0.0,0.0,0.0,0.0,0,1,0,Serie A,2023-2024
Leonardo Cerri,it ITA,DF,Juventus,20,2003,1,0,7,0.1,0,0,0,0,0,0,0,0,0.0,0.0,0.0,0.0,0,0,2,Serie A,2023-2024
Jaka Bijol,si SVN,DF,Udinese,24,1999,24,23,2084,23.2,0,0,0,0,0,0,4,0,1.9,1.9,0.2,2.1,5,42,1,Serie A,2023-2024
Davide Bettella,it ITA,MF,Monza,23,2000,1,0,3,0.0,0,0,0,0,0,0,0,0,0.0,0.0,0.0,0.0,0,0,0,Serie A,2023-2024
Beto,gw GNB,FW,Udinese,25,1998,1,1,74,0.8,0,0,0,0,0,0,0,0,0.0,0.0,0.3,0.3,0,2,5,Serie A,2023-2024
Victor Bernth Kristiansen,dk DEN,DF,Bologna,20,2002,32,26,2307,25.6,0,3,3,0,0,0,4,0,0.3,0.3,2.4,2.6,23,123,74,Serie A,2023-2024
Medon Berisha,al ALB,"FW,MF",Lecce,19,2003,6,2,205,2.3,0,0,0,0,0,0,0,0,0.2,0.2,0.2,0.4,3,7,3,Serie A,2023-2024
Etrit Berisha,al ALB,GK,Empoli,34,1989,14,14,1260,14.0,0,0,0,0,0,0,0,0,0.0,0.0,0.0,0.0,0,0,0,Serie A,2023-2024
Bartosz Bereszyński,pl POL,DF,Empoli,31,1992,24,22,1762,19.6,0,1,1,0,0,0,3,0,0.1,0.1,0.3,0.4,15,69,18,Serie A,2023-2024
Giuseppe Pezzella,it ITA,DF,Empoli,25,1997,19,14,1085,12.1,0,0,0,0,0,0,4,0,0.2,0.2,0.5,0.6,44,44,36,Serie A,2023-2024
Samuele Perisan,it ITA,GK,Empoli,25,1997,1,1,90,1.0,0,0,0,0,0,0,0,0,0.0,0.0,0.0,0.0,0,0,0,Serie A,2023-2024
Mattia Perin,it ITA,GK,Juventus,30,1992,3,3,225,2.5,0,0,0,0,0,0,0,0,0.0,0.0,0.0,0.0,0,0,0,Serie A,2023-2024
Simone Perilli,it ITA,GK,Hellas Verona,28,1995,1,1,90,1.0,0,0,0,0,0,0,0,0,0.0,0.0,0.0,0.0,0,0,0,Serie A,2023-2024
Nehuén Pérez,ar ARG,DF,Udinese,23,2000,36,36,3238,36.0,0,0,0,0,0,0,9,1,1.3,1.3,0.2,1.5,28,119,24,Serie A,2023-2024
Pedro Pereira,pt POR,DF,Monza,25,1998,23,9,841,9.3,0,2,2,0,0,0,3,0,0.2,0.2,1.2,1.4,20,43,69,Serie A,2023-2024
Santiago Pierotti,ar ARG,"MF,FW",Lecce,22,2001,11,0,200,2.2,0,2,2,0,0,0,0,0,0.5,0.5,1.0,1.5,4,5,20,Serie A,2023-2024
Roberto Piccoli,it ITA,FW,Empoli,22,2001,2,0,39,0.4,0,0,0,0,0,0,0,0,0.1,0.1,0.0,0.1,0,1,0,Serie A,2023-2024
Emil Bohinen,no NOR,MF,Salernitana,24,1999,12,7,535,5.9,0,0,0,0,0,0,1,0,0.1,0.1,0.2,0.3,7,26,10,Serie A,2023-2024
Emil Bohinen,no NOR,MF,Genoa,24,1999,5,0,56,0.6,0,0,0,0,0,0,0,0,0.0,0.0,0.1,0.1,1,3,1,Serie A,2023-2024
Jérôme Boateng,de GER,DF,Salernitana,34,1988,7,4,238,2.6,0,0,0,0,0,0,0,0,0.0,0.0,0.1,0.1,0,9,1,Serie A,2023-2024
Alexis Blin,fr FRA,MF,Lecce,26,1996,31,16,1642,18.2,0,2,2,0,0,0,4,0,1.1,1.1,0.7,1.8,7,60,11,Serie A,2023-2024
Samuele Birindelli,it ITA,DF,Monza,24,1999,35,22,2013,22.4,0,2,2,0,0,0,7,0,1.1,1.1,2.9,4.0,63,70,122,Serie A,2023-2024
Andrea Ferraris,it ITA,MF,Monza,20,2003,1,0,10,0.1,0,0,0,0,0,0,0,0,0.0,0.0,0.0,0.0,0,1,0,Serie A,2023-2024
Davide Faraoni,it ITA,DF,Fiorentina,31,1991,8,4,392,4.4,0,1,1,0,0,0,0,0,0.1,0.1,0.4,0.5,7,17,16,Serie A,2023-2024
Davide Faraoni,it ITA,DF,Hellas Verona,31,1991,11,7,602,6.7,0,1,1,0,0,0,5,0,0.4,0.4,0.4,0.8,13,28,31,Serie A,2023-2024
Wladimiro Falcone,it ITA,GK,Lecce,28,1995,38,38,3420,38.0,0,0,0,0,0,0,0,0,0.0,0.0,0.2,0.2,0,1,0,Serie A,2023-2024
Nicolò Fagioli,it ITA,MF,Juventus,22,2001,8,4,437,4.9,0,2,2,0,0,0,1,0,0.4,0.4,0.7,1.1,8,23,15,Serie A,2023-2024
Patrick Ciurria,it ITA,"DF,MF",Monza,28,1995,22,18,1598,17.8,0,1,1,0,0,0,2,0,1.5,1.5,2.6,4.1,41,68,94,Serie A,2023-2024
Giorgio Cittadini,it ITA,DF,Genoa,21,2002,5,1,106,1.2,0,0,0,0,0,0,0,0,0.0,0.0,0.0,0.0,0,1,1,Serie A,2023-2024
Giorgio Cittadini,it ITA,DF,Monza,21,2002,1,0,15,0.2,0,0,0,0,0,0,1,0,0.0,0.0,0.0,0.0,1,1,1,Serie A,2023-2024
Alphadjo Cissè,it ITA,FW,Hellas Verona,16,2006,1,0,8,0.1,0,0,0,0,0,0,0,0,0.0,0.0,0.0,0.0,0,0,0,Serie A,2023-2024
George Pușcaș,ro ROU,FW,Genoa,27,1996,8,1,191,2.1,0,0,0,0,0,0,0,0,2.1,2.1,0.1,2.2,5,3,17,Serie A,2023-2024
Ivan Provedel,it ITA,GK,Lazio,29,1994,30,30,2699,30.0,0,0,0,0,0,0,0,0,0.0,0.0,0.0,0.0,0,3,0,Serie A,2023-2024
Michele Cerofolini,it ITA,GK,Frosinone,24,1999,8,7,675,7.5,0,0,0,0,0,0,1,0,0.0,0.0,0.0,0.0,0,0,0,Serie A,2023-2024
Fabien Centonze,fr FRA,DF,Hellas Verona,27,1996,10,7,676,7.5,0,1,1,0,0,0,2,0,0.0,0.0,1.0,1.1,16,14,21,Serie A,2023-2024
Zeki Çelik,tr TUR,DF,Roma,26,1997,17,6,671,7.5,0,0,0,0,0,0,1,0,0.2,0.2,0.6,0.8,14,26,38,Serie A,2023-2024
Emmanuel Ekong,se SWE,FW,Empoli,21,2002,1,0,5,0.1,0,0,0,0,0,0,0,0,0.0,0.0,0.0,0.0,0,0,1,Serie A,2023-2024
Kingsley Ehizibue,nl NED,DF,Udinese,28,1995,23,11,955,10.6,0,1,1,0,0,0,4,0,1.3,1.3,0.7,2.0,18,15,44,Serie A,2023-2024
Tyronne Ebuehi,ng NGA,DF,Empoli,27,1995,15,11,1099,12.2,0,1,1,0,0,0,0,0,0.3,0.3,0.9,1.2,34,37,35,Serie A,2023-2024
Enzo Ebosse,cm CMR,DF,Udinese,24,1999,1,0,8,0.1,0,0,0,0,0,0,0,0,0.0,0.0,0.0,0.0,0,1,0,Serie A,2023-2024
Festy Ebosele,ie IRL,DF,Udinese,20,2002,31,20,1700,18.9,0,0,0,0,0,0,6,1,0.8,0.8,1.8,2.6,67,35,98,Serie A,2023-2024
Giulio Donati,it ITA,DF,Monza,33,1990,4,0,36,0.4,0,0,0,0,0,0,2,0,0.0,0.0,0.2,0.2,0,3,5,Serie A,2023-2024
Marin Pongračić,hr CRO,DF,Lecce,25,1997,36,36,3219,35.8,0,0,0,0,0,0,10,1,1.2,1.2,0.4,1.5,45,134,7,Serie A,2023-2024
Paul Pogba,fr FRA,MF,Juventus,30,1993,2,0,54,0.6,0,0,0,0,0,0,0,0,0.0,0.0,0.0,0.0,1,5,5,Serie A,2023-2024
Tommaso Pobega,it ITA,MF,Milan,24,1999,11,3,319,3.5,0,0,0,0,0,0,0,0,0.2,0.2,0.2,0.4,6,11,10,Serie A,2023-2024
Niccolò Pisilli,it ITA,MF,Roma,18,2004,1,0,10,0.1,0,0,0,0,0,0,0,0,0.0,0.0,0.0,0.0,0,0,1,Serie A,2023-2024
Carlo Pinsoglio,it ITA,GK,Juventus,33,1990,1,0,45,0.5,0,0,0,0,0,0,0,0,0.0,0.0,0.0,0.0,0,0,0,Serie A,2023-2024
Federico Baschirotto,it ITA,DF,Lecce,26,1996,37,37,3294,36.6,0,1,1,0,0,0,3,1,1.7,1.5,0.7,2.1,28,96,3,Serie A,2023-2024
Davide Bartesaghi,it ITA,"DF,MF",Milan,17,2005,6,0,79,0.9,0,0,0,0,0,0,0,0,0.0,0.0,0.0,0.0,1,3,4,Serie A,2023-2024
Enzo Barrenechea,ar ARG,MF,Frosinone,22,2001,36,32,2811,31.2,0,1,1,0,0,0,10,0,0.6,0.6,1.7,2.3,10,155,24,Serie A,2023-2024
Stefano Sabelli,it ITA,DF,Genoa,30,1993,32,30,2429,27.0,0,1,1,0,0,0,5,0,0.8,0.8,1.9,2.7,69,88,101,Serie A,2023-2024
Mário Rui,pt POR,DF,Napoli,32,1991,21,14,1205,13.4,0,2,2,0,0,0,7,1,0.1,0.1,1.9,2.0,33,90,59,Serie A,2023-2024
Matteo Ruggeri,it ITA,DF,Atalanta,21,2002,34,28,2449,27.2,0,4,4,0,0,0,3,0,0.5,0.5,1.8,2.3,55,142,132,Serie A,2023-2024
Ruan,br BRA,DF,Sassuolo,24,1999,26,16,1516,16.8,0,0,0,0,0,0,7,1,0.5,0.5,0.6,1.1,8,33,6,Serie A,2023-2024
Nicolò Rovella,it ITA,MF,Lazio,21,2001,23,16,1318,14.6,0,2,2,0,0,0,6,0,0.6,0.6,0.5,1.1,21,56,11,Serie A,2023-2024
Francesco Rossi,it ITA,GK,Atalanta,32,1991,1,0,5,0.1,0,0,0,0,0,0,0,0,0.0,0.0,0.0,0.0,0,0,0,Serie A,2023-2024
Marten de Roon,nl NED,"MF,DF",Atalanta,32,1991,30,29,2599,28.9,0,5,5,0,0,0,10,0,0.6,0.6,1.2,1.8,28,178,22,Serie A,2023-2024
Luka Romero,ar ARG,"FW,MF",Milan,18,2004,4,0,88,1.0,0,0,0,0,0,0,1,0,0.1,0.1,0.0,0.1,4,3,7,Serie A,2023-2024
Alessio Romagnoli,it ITA,DF,Lazio,28,1995,29,26,2411,26.8,0,0,0,0,0,0,9,0,0.6,0.6,0.6,1.1,7,87,2,Serie A,2023-2024
Federico Ravaglia,it ITA,GK,Bologna,23,1999,6,6,535,5.9,0,0,0,0,0,0,0,0,0.0,0.0,0.0,0.0,0,0,0,Serie A,2023-2024
Filippo Ranocchia,it ITA,"MF,DF",Empoli,22,2001,9,5,476,5.3,0,0,0,0,0,0,3,0,0.2,0.2,0.5,0.8,5,21,11,Serie A,2023-2024
Boris Radunović,rs SRB,GK,Cagliari,27,1996,7,7,630,7.0,0,0,0,0,0,0,0,0,0.0,0.0,0.0,0.0,0,0,0,Serie A,2023-2024
Domingos Quina,pt POR,MF,Udinese,23,1999,2,0,13,0.1,0,0,0,0,0,0,0,0,0.0,0.0,0.0,0.0,0,1,0,Serie A,2023-2024
Reda Belahyane,ma MAR,MF,Hellas Verona,19,2004,2,1,90,1.0,0,0,0,0,0,0,0,0,0.0,0.0,0.0,0.0,1,4,2,Serie A,2023-2024
Toma Bašić,hr CRO,MF,Salernitana,26,1996,15,14,1162,12.9,0,0,0,0,0,0,5,0,0.6,0.6,0.5,1.1,11,53,16,Serie A,2023-2024
Nicolás Domínguez,ar ARG,MF,Bologna,25,1998,2,1,102,1.1,0,0,0,0,0,0,0,0,0.0,0.0,0.0,0.0,1,9,3,Serie A,2023-2024
Josh Doig,sct SCO,DF,Sassuolo,21,2002,16,15,1343,14.9,0,2,2,0,0,0,5,0,0.2,0.2,1.1,1.3,30,33,45,Serie A,2023-2024
Josh Doig,sct SCO,DF,Hellas Verona,21,2002,12,11,830,9.2,0,0,0,0,0,0,2,0,0.2,0.2,0.3,0.5,23,15,22,Serie A,2023-2024
Dodô,br BRA,DF,Fiorentina,24,1998,9,7,523,5.8,0,0,0,0,0,0,0,0,0.1,0.1,0.8,0.9,20,39,21,Serie A,2023-2024
Berat Djimsiti,al ALB,DF,Atalanta,30,1993,37,32,2832,31.5,0,1,1,0,0,0,5,0,0.8,0.8,0.7,1.5,6,79,10,Serie A,2023-2024
Koffi Djidji,ci CIV,DF,Torino,30,1992,13,8,759,8.4,0,0,0,0,0,0,2,0,0.1,0.1,0.0,0.1,4,19,3,Serie A,2023-2024
Tiago Djaló,pt POR,DF,Juventus,23,2000,1,0,17,0.2,0,0,0,0,0,0,0,0,0.0,0.0,0.0,0.0,1,2,0,Serie A,2023-2024
Alessandro Di Pardo,it ITA,"DF,MF",Cagliari,24,1999,15,2,359,4.0,0,0,0,0,0,0,0,0,0.1,0.1,0.2,0.3,6,11,19,Serie A,2023-2024
Michele Di Gregorio,it ITA,GK,Monza,26,1997,33,33,2872,31.9,0,0,0,0,0,0,0,0,0.0,0.0,0.0,0.0,0,1,0,Serie A,2023-2024
Raffaele Di Gennaro,it ITA,GK,Inter,29,1993,1,0,23,0.3,0,0,0,0,0,0,0,0,0.0,0.0,0.0,0.0,0,0,0,Serie A,2023-2024
Mattia Destro,it ITA,"FW,MF",Empoli,32,1991,15,3,366,4.1,0,0,0,0,0,0,2,0,1.2,1.2,0.3,1.5,4,4,19,Serie A,2023-2024
Leander Dendoncker,be BEL,MF,Napoli,28,1995,3,0,24,0.3,0,0,0,0,0,0,0,0,0.0,0.0,0.0,0.0,0,2,0,Serie A,2023-2024
Diego Demme,de GER,MF,Napoli,31,1991,2,1,73,0.8,0,0,0,0,0,0,1,0,0.0,0.0,0.0,0.0,3,5,0,Serie A,2023-2024
Alessandro Dellavalle,it ITA,DF,Torino,19,2004,1,0,15,0.2,0,0,0,0,0,0,0,0,0.0,0.0,0.0,0.0,0,1,0,Serie A,2023-2024
Ola Solbakken,no NOR,FW,Roma,24,1998,1,0,23,0.3,0,0,0,0,0,0,0,0,0.0,0.0,0.0,0.0,1,0,4,Serie A,2023-2024
Andrea Sodero,it ITA,MF,Empoli,18,2004,1,0,5,0.1,0,0,0,0,0,0,0,0,0.0,0.0,0.0,0.0,0,0,1,Serie A,2023-2024
Chris Smalling,eng ENG,DF,Roma,33,1989,8,4,390,4.3,0,0,0,0,0,0,0,0,0.0,0.0,0.4,0.4,1,13,2,Serie A,2023-2024
Łukasz Skorupski,pl POL,GK,Bologna,32,1991,32,32,2880,32.0,0,0,0,0,0,0,2,0,0.0,0.0,0.0,0.0,0,1,0,Serie A,2023-2024
Marco Silvestri,it ITA,GK,Udinese,32,1991,17,17,1530,17.0,0,0,0,0,0,0,0,0,0.0,0.0,0.0,0.0,0,0,0,Serie A,2023-2024
Steven Shpendi,al ALB,"FW,MF",Empoli,20,2003,12,4,411,4.6,0,1,1,0,0,0,0,0,0.4,0.4,0.5,0.9,3,6,32,Serie A,2023-2024
Andres Sfait,ro ROU,"DF,MF",Salernitana,18,2004,2,0,23,0.3,0,0,0,0,0,0,0,0,0.0,0.0,0.1,0.1,1,1,2,Serie A,2023-2024
Suat Serdar,de GER,MF,Hellas Verona,26,1997,25,19,1659,18.4,0,2,2,0,0,0,7,0,1.0,1.0,1.4,2.4,20,68,36,Serie A,2023-2024
Stefano Sensi,it ITA,MF,Inter,27,1995,4,0,46,0.5,0,1,1,0,0,0,0,0,0.1,0.1,0.1,0.2,3,3,4,Serie A,2023-2024
Vivaldo Semedo,pt POR,FW,Udinese,18,2005,1,0,12,0.1,0,0,0,0,0,0,0,0,0.0,0.0,0.0,0.0,1,0,0,Serie A,2023-2024
Nikola Sekulov,it ITA,FW,Juventus,21,2002,1,0,11,0.1,0,0,0,0,0,0,0,0,0.0,0.0,0.0,0.0,0,0,1,Serie A,2023-2024
Demba Seck,sn SEN,"FW,MF",Frosinone,22,2001,11,3,298,3.3,0,0,0,0,0,0,0,0,1.1,1.1,0.3,1.4,11,9,23,Serie A,2023-2024
Demba Seck,sn SEN,MF,Torino,22,2001,9,5,425,4.7,0,0,0,0,0,0,1,0,0.3,0.3,0.1,0.5,23,12,25,Serie A,2023-2024
Simone Scuffet,it ITA,GK,Cagliari,27,1996,31,31,2789,31.0,0,0,0,0,0,0,3,0,0.0,0.0,0.0,0.0,0,1,0,Serie A,2023-2024
Saba Sazonov,ge GEO,DF,Torino,21,2002,12,2,356,4.0,0,0,0,0,0,0,2,0,0.2,0.2,0.0,0.2,0,8,0,Serie A,2023-2024
Riccardo Saponara,it ITA,"FW,MF",Hellas Verona,31,1991,12,3,342,3.8,0,0,0,0,0,0,0,0,0.1,0.1,0.2,0.3,12,14,32,Serie A,2023-2024
Trivante Stewart,jm JAM,"FW,MF",Salernitana,23,2000,4,0,100,1.1,0,0,0,0,0,0,0,0,0.1,0.1,0.1,0.1,2,0,6,Serie A,2023-2024
Marco Sportiello,it ITA,GK,Milan,31,1992,7,7,630,7.0,0,0,0,0,0,0,0,0,0.0,0.0,0.0,0.0,0,0,0,Serie A,2023-2024
Djed Spence,eng ENG,DF,Genoa,22,2000,16,8,859,9.5,0,0,0,0,0,0,1,0,0.2,0.2,0.3,0.4,17,25,31,Serie A,2023-2024
Alessandro Sorrentino,it ITA,GK,Monza,21,2002,7,5,548,6.1,0,0,0,0,0,0,0,0,0.0,0.0,0.0,0.0,0,0,0,Serie A,2023-2024
Brandon Soppy,fr FRA,DF,Torino,21,2002,5,2,178,2.0,0,0,0,0,0,0,0,0,0.0,0.0,0.1,0.1,9,6,3,Serie A,2023-2024
Yann Sommer,ch SUI,GK,Inter,34,1988,34,34,3060,34.0,0,0,0,0,0,0,1,0,0.0,0.0,0.0,0.0,0,0,0,Serie A,2023-2024
Daniele Sommariva,it ITA,GK,Genoa,26,1997,1,0,5,0.1,0,0,0,0,0,0,0,0,0.0,0.0,0.0,0.0,0,0,0,Serie A,2023-2024
Koni De Winter,be BEL,DF,Genoa,21,2002,29,26,2380,26.4,0,1,1,0,0,0,8,1,0.8,0.8,1.0,1.8,21,76,15,Serie A,2023-2024
Mattia De Sciglio,it ITA,DF,Juventus,30,1992,1,1,45,0.5,0,0,0,0,0,0,0,0,0.0,0.0,0.0,0.0,0,3,1,Serie A,2023-2024
Paweł Dawidowicz,pl POL,DF,Hellas Verona,28,1995,28,25,2143,23.8,0,0,0,0,0,0,5,0,0.5,0.5,0.0,0.6,11,89,5,Serie A,2023-2024
Juan David Cabal,co COL,DF,Hellas Verona,22,2001,22,17,1497,16.6,0,0,0,0,0,0,6,0,0.5,0.5,0.4,0.9,26,70,48,Serie A,2023-2024
Flavius Daniliuc,at AUT,DF,Salernitana,22,2001,14,8,744,8.3,0,0,0,0,0,0,2,0,0.2,0.2,0.2,0.5,8,37,2,Serie A,2023-2024
Danilo D'Ambrosio,it ITA,DF,Monza,34,1988,24,16,1536,17.1,0,0,0,0,0,0,5,1,0.7,0.7,0.2,0.8,12,61,25,Serie A,2023-2024
Juan Cuadrado,co COL,DF,Inter,35,1988,10,0,267,3.0,0,2,2,0,0,0,1,0,0.2,0.2,1.6,1.7,17,11,35,Serie A,2023-2024
Juan Cruz,ar ARG,"FW,MF",Hellas Verona,24,1999,4,1,109,1.2,0,0,0,0,0,0,0,0,0.0,0.0,0.1,0.1,3,4,4,Serie A,2023-2024
Alessio Cragno,it ITA,GK,Sassuolo,29,1994,3,3,270,3.0,0,0,0,0,0,0,0,0,0.0,0.0,0.0,0.0,0,0,0,Serie A,2023-2024
Stefano Turati,it ITA,GK,Frosinone,21,2001,31,31,2745,30.5,0,0,0,0,0,0,0,0,0.0,0.0,0.0,0.0,0,0,0,Serie A,2023-2024
Ahmed Touba,dz ALG,DF,Lecce,25,1998,6,3,277,3.1,0,0,0,0,0,0,1,0,0.0,0.0,0.0,0.0,0,2,1,Serie A,2023-2024
Rafael Tolói,it ITA,DF,Atalanta,32,1990,18,10,965,10.7,0,0,0,0,0,0,6,1,0.1,0.1,0.1,0.1,8,53,10,Serie A,2023-2024
Jeremy Toljan,de GER,DF,Sassuolo,28,1994,25,24,2083,23.1,0,5,5,0,0,0,1,0,0.6,0.6,1.6,2.1,35,79,85,Serie A,2023-2024
Antonio Tikvić,hr CRO,DF,Udinese,19,2004,1,0,1,0.0,0,0,0,0,0,0,0,0,0.0,0.0,0.0,0.0,0,0,0,Serie A,2023-2024
Malick Thiaw,de GER,DF,Milan,21,2001,21,19,1619,18.0,0,1,1,0,0,0,5,1,0.6,0.6,0.1,0.7,15,70,1,Serie A,2023-2024
Pietro Terracciano,it ITA,GK,Fiorentina,33,1990,33,33,2970,33.0,0,0,0,0,0,0,3,0,0.0,0.0,0.2,0.2,0,0,0,Serie A,2023-2024
Filippo Terracciano,it ITA,"DF,FW",Milan,20,2003,3,1,76,0.8,0,0,0,0,0,0,1,0,0.0,0.0,0.0,0.0,0,1,1,Serie A,2023-2024
Filippo Terracciano,it ITA,DF,Hellas Verona,20,2003,18,14,1296,14.4,0,1,1,0,0,0,1,0,0.3,0.3,1.0,1.3,26,51,28,Serie A,2023-2024
Jackson Tchatchoua,cm CMR,DF,Hellas Verona,21,2001,26,19,1725,19.2,0,2,2,0,0,0,2,0,0.0,0.0,1.3,1.3,34,53,66,Serie A,2023-2024
Elayis Tavsan,nl NED,"MF,FW",Hellas Verona,22,2001,3,0,50,0.6,0,0,0,0,0,0,0,0,0.1,0.1,0.0,0.1,2,2,1,Serie A,2023-2024
Adrien Tameze,cm CMR,"DF,MF",Torino,29,1994,29,25,2146,23.8,0,2,2,0,0,0,6,1,0.7,0.7,2.2,2.9,22,90,39,Serie A,2023-2024
Przemysław Szymiński,pl POL,MF,Frosinone,29,1994,1,0,9,0.1,0,0,0,0,0,0,0,0,0.0,0.0,0.0,0.0,0,0,0,Serie A,2023-2024
Wojciech Szczęsny,pl POL,GK,Juventus,33,1990,35,35,3150,35.0,0,0,0,0,0,0,1,0,0.0,0.0,0.0,0.0,0,0,0,Serie A,2023-2024
Mile Svilar,rs SRB,GK,Roma,23,1999,15,15,1350,15.0,0,0,0,0,0,0,1,0,0.0,0.0,0.0,0.0,0,0,0,Serie A,2023-2024
Kevin Strootman,nl NED,MF,Genoa,33,1990,27,15,1207,13.4,0,2,2,0,0,0,4,0,0.1,0.1,1.3,1.4,13,61,22,Serie A,2023-2024
Simone Aresti,it ITA,GK,Cagliari,37,1986,1,0,1,0.0,0,0,0,0,0,0,0,0,0.0,0.0,0.0,0.0,0,0,0,Serie A,2023-2024
Lucien Agoume,fr FRA,MF,Inter,21,2002,1,0,5,0.1,0,0,0,0,0,0,0,0,0.0,0.0,0.0,0.0,0,0,0,Serie A,2023-2024
Marley Aké,fr FRA,FW,Udinese,22,2001,1,0,10,0.1,0,0,0,0,0,0,0,0,0.0,0.0,0.0,0.0,0,0,0,Serie A,2023-2024
Michel Aebischer,ch SUI,MF,Bologna,26,1997,36,26,2230,24.8,0,1,1,0,0,0,8,0,1.1,1.1,1.5,2.6,26,125,55,Serie A,2023-2024
Andre-Frank Zambo Anguissa,cm CMR,MF,Napoli,27,1995,34,32,2786,31.0,0,2,2,0,0,0,2,0,3.4,3.3,3.0,6.3,43,163,139,Serie A,2023-2024
Nicola Zalewski,pl POL,"DF,FW",Roma,21,2002,22,10,968,10.8,0,1,1,0,0,0,3,1,0.8,0.8,1.6,2.5,54,33,62,Serie A,2023-2024
Ebenezer Akinsanmiro,ng NGA,MF,Inter,18,2004,1,0,15,0.2,0,0,0,0,0,0,0,0,0.0,0.0,0.0,0.0,0,2,0,Serie A,2023-2024
Mateusz Wieteska,pl POL,DF,Cagliari,26,1997,19,10,965,10.7,0,1,1,0,0,0,5,1,0.3,0.3,0.6,0.9,16,33,1,Serie A,2023-2024
Jean-Daniel Akpa-Akpro,ci CIV,MF,Monza,30,1992,19,8,705,7.8,0,0,0,0,0,0,5,0,0.5,0.5,0.1,0.6,11,10,12,Serie A,2023-2024
Paulo Azzi,br BRA,"DF,MF",Cagliari,29,1994,25,9,950,10.6,0,0,0,0,0,0,1,0,1.2,1.2,0.7,1.9,47,35,42,Serie A,2023-2024
Carlos Augusto,br BRA,DF,Inter,24,1999,37,14,1725,19.2,0,3,3,0,0,0,1,0,1.0,1.0,2.8,3.9,42,54,88,Serie A,2023-2024
Emil Audero,id IDN,GK,Inter,26,1997,4,4,337,3.7,0,0,0,0,0,0,0,0,0.0,0.0,0.0,0.0,0,0,0,Serie A,2023-2024
Rúben Vinagre,pt POR,"DF,FW",Hellas Verona,24,1999,12,2,282,3.1,0,0,0,0,0,0,0,0,0.0,0.0,0.3,0.3,6,8,13,Serie A,2023-2024
Matías Viña,uy URU,DF,Sassuolo,25,1997,15,13,1014,11.3,0,3,3,0,0,0,1,0,0.3,0.3,1.4,1.7,24,46,37,Serie A,2023-2024
Emanuel Vignato,it ITA,"MF,FW",Salernitana,22,2000,9,3,311,3.5,0,1,1,0,0,0,1,0,0.0,0.0,0.3,0.4,5,11,15,Serie A,2023-2024
Simone Verdi,it ITA,FW,Torino,31,1992,1,0,4,0.0,0,0,0,0,0,0,0,0,0.0,0.0,0.1,0.1,0,0,0,Serie A,2023-2024
Pierre Kalulu,fr FRA,DF,Milan,23,2000,9,4,374,4.2,0,0,0,0,0,0,0,0,0.1,0.1,0.1,0.1,6,19,11,Serie A,2023-2024
Yayah Kallon,sl SLE,FW,Hellas Verona,22,2001,1,0,4,0.0,0,0,0,0,0,0,0,0,0.0,0.0,0.0,0.0,0,1,0,Serie A,2023-2024
Mohamed Kaba,fr FRA,MF,Lecce,21,2001,23,15,1378,15.3,0,0,0,0,0,0,4,1,1.2,1.2,0.9,2.0,14,60,32,Serie A,2023-2024
Hamed Junior Traorè,ci CIV,MF,Napoli,23,2000,9,5,382,4.2,0,0,0,0,0,0,1,0,0.9,0.9,0.7,1.6,12,21,19,Serie A,2023-2024
Alejandro Jiménez,es ESP,DF,Milan,18,2005,3,0,68,0.8,0,0,0,0,0,0,1,0,0.0,0.0,0.1,0.1,2,2,3,Serie A,2023-2024
Filip Jagiełło,pl POL,MF,Genoa,25,1997,2,0,33,0.4,0,0,0,0,0,0,0,0,0.0,0.0,0.0,0.0,1,2,2,Serie A,2023-2024
Timothy Weah,us USA,"DF,FW",Juventus,23,2000,30,12,1258,14.0,0,1,1,0,0,0,5,0,1.5,1.5,1.1,2.7,35,48,84,Serie A,2023-2024
Sebastian Walukiewicz,pl POL,DF,Empoli,23,2000,27,23,2055,22.8,0,0,0,0,0,0,6,0,0.1,0.1,0.1,0.2,14,45,5,Serie A,2023-2024
Mërgim Vojvoda,xk KVX,DF,Torino,28,1995,28,15,1379,15.3,0,3,3,0,0,0,3,0,0.4,0.4,1.4,1.8,30,91,72,Serie A,2023-2024
Alessandro Vogliacco,it ITA,DF,Genoa,24,1998,20,14,1169,13.0,0,1,1,0,0,0,4,0,0.4,0.4,0.5,0.9,8,49,12,Serie A,2023-2024
Daniel Bandeira,pt POR,MF,Hellas Verona,23,2000,14,3,446,5.0,0,0,0,0,0,0,2,0,0.1,0.1,0.2,0.3,9,34,8,Serie A,2023-2024
Tommaso Baldanzi,it ITA,"FW,MF",Roma,20,2003,13,6,518,5.8,0,0,0,0,0,0,2,0,0.9,0.9,0.7,1.5,18,14,54,Serie A,2023-2024
Nicola Bagnolini,it ITA,GK,Bologna,19,2004,1,0,5,0.1,0,0,0,0,0,0,0,0,0.0,0.0,0.0,0.0,0,0,0,Serie A,2023-2024
Alessio Zerbin,it ITA,"DF,FW",Monza,24,1999,13,7,684,7.6,0,1,1,0,0,0,2,1,0.4,0.4,0.8,1.2,17,20,46,Serie A,2023-2024
Alessandro Zanoli,it ITA,"DF,FW",Napoli,22,2000,4,0,52,0.6,0,0,0,0,0,0,1,0,0.0,0.0,0.0,0.0,2,4,3,Serie A,2023-2024
Alessandro Zanoli,it ITA,DF,Salernitana,22,2000,17,10,921,10.2,0,2,2,0,0,0,3,0,0.2,0.2,1.8,1.9,27,28,45,Serie A,2023-2024
